angle_right_elbow,angle_left_elbow,angle_right_shoulder,angle_left_shoulder,angle_right_knee,angle_left_knee,angle_right_hip,angle_left_hip,angle_right_axilla,angle_left_axilla,angle_right_thigh,angle_left_thigh
143.82386194304047,160.23283132320836,69.26209701776806,139.87122804782217,178.00135879346237,179.67008553002572,91.18118891332664,85.13548556223948,5.542819377944678,28.193540734873324,74.99507961713978,85.13548556223948
118.65711745655814,157.3920248564151,69.62356478616363,146.16095782400254,177.4568337359537,176.56170475129676,87.56173251935873,88.80283182180062,4.204360867867772,27.399396752624774,74.49358562973327,88.80283182180062
108.41567678210387,176.06710372776948,57.31244516143466,114.65589874408161,178.69804732742114,176.57062119974972,88.1523897340054,88.86614904601242,6.34019174590991,9.147127426594713,74.29406543965473,88.86614904601242
80.8307023947273,153.36314963805762,61.37306814104929,138.49093758430172,178.12804053776975,174.19526723965458,89.41536947929482,88.21008939175393,4.18899658514165,13.53577399470769,71.91655461695134,88.21008939175393
61.405285257934445,132.61062693259854,85.94558581980668,174.8381787743181,177.5474653688427,173.1631545457146,90.44308761763469,87.15737417916331,0.5928796610493462,20.13723577609641,69.5748009762148,87.15737417916331
177.27368900609372,110.06493531350158,45.98776039963981,177.55413003718928,177.54914736222895,173.07594642506393,90.41770180648543,87.15737417916331,0.9495309313213743,21.168758937178954,69.20781051294361,87.15737417916331
179.85513108112366,130.53284093861075,55.905709745882724,172.03392387329365,177.54858695401168,173.0887728809753,88.79395122078004,88.7811247648687,5.233861647216433,19.893598014761984,70.84438755456033,88.7811247648687
175.4057466687336,144.98527387854537,63.43494882292201,170.8698235177213,178.15851602068503,172.6710878314751,89.39049342332481,88.76802259736027,1.017730631909799,21.39638897139371,70.11483488614455,88.76802259736027
161.94893675267235,128.53356971414652,75.17790681315257,162.7858809370724,177.53632982560615,172.6844746956037,89.38394009160078,88.75463573323164,3.0305272520986772,19.450279022508855,69.91802251581925,88.75463573323164
153.61288545433243,144.21264721740698,77.55286832891395,153.2745097344828,176.92112341568392,172.7121404488921,87.69925577370446,90.41165429783956,3.657143228990995,17.215738249553016,71.95199481823522,90.41165429783956
151.42643054753464,137.12109639666144,79.2130480755784,152.33324270771564,177.5162612521666,172.63478715041032,87.74736304998405,90.3492481000917,4.232300154281827,17.209021091473662,71.35401795270013,90.3492481000917
152.6955249865873,139.12164861931723,81.37678162066378,148.88792530430683,177.5162612521666,173.1844251786118,87.7927998204062,89.6605528300276,4.288382141068633,16.754950509719045,70.7625844809877,89.6605528300276
154.92558065818434,136.9709393250129,80.85114701420616,146.51022764396947,177.5162612521666,173.2063467868444,86.20410997173653,91.22732107046465,5.074855201986725,16.2075552588413,72.14231909444243,91.22732107046465
151.25330741937057,140.46233607370965,79.99918038091494,145.43160683609372,177.5162612521666,173.2063467868444,86.20410997173653,91.22732107046465,5.67767336126628,16.2075552588413,72.14231909444243,91.22732107046465
147.79875049161174,137.17368686036122,78.76741059389488,145.91398779923858,177.5162612521666,173.85639993994462,86.28988203268365,90.49149585641726,6.193904967150982,16.655114798191825,71.5100888171475,90.49149585641726
150.66554390302704,140.85601358542894,78.38108584817748,143.64895774352584,176.87361776638528,173.85639993994462,86.29643536440771,90.49149585641726,5.872021951752254,16.003474983827157,71.7234357895739,90.49149585641726
154.77105129381582,154.24952587268172,74.92109978994917,137.991830745969,177.43143104220115,173.2063467868444,86.20410997173653,91.22732107046465,6.241914347415046,14.211125120989713,72.14231909444243,91.22732107046465
157.06254923361502,156.28985361976478,73.06742054807653,138.6619355755198,177.3860602351241,173.2063467868444,86.20410997173653,91.22732107046465,6.290670773355006,13.39199857463007,72.14231909444243,91.22732107046465
157.79792725785603,154.34073548303263,73.06742054807653,141.12260957883896,177.379364456317,172.05669087462175,86.19741419292944,91.86291771407099,6.290670773355006,13.901588534846269,71.92932461273097,91.86291771407099
153.5946420015174,155.8481712418076,76.42531297775636,141.12260957883896,177.35587937243767,172.75602283462865,87.7861040415991,90.27422786540131,5.273692742635825,13.9840456874874,70.55362924577275,90.27422786540131
155.35645262999256,157.1730427748324,74.40718906073366,142.43140797117252,177.35587937243767,172.66437061467852,87.7861040415991,90.27422786540131,5.6621668351586045,13.733507838309508,70.55362924577275,90.27422786540131
163.2953535616557,153.34490838445137,73.35258628917032,145.85088126547703,176.68296002293758,172.6796780627549,86.1067563896101,91.93826806931395,5.063973096957098,14.529221768681541,72.57503718912028,91.93826806931395
159.99599895146224,162.66355730460197,72.68749102889764,146.79308551857213,176.6509333188874,172.6796780627549,86.1067563896101,91.93826806931395,4.600392014035576,14.53269150643016,72.57503718912028,91.93826806931395
153.20917092709618,151.35895721520174,77.1648679863857,154.07368260018234,177.35587937243767,172.66437061467852,87.74066727117697,90.31966463582341,3.4341455396843488,16.49152630591391,71.149562848286,90.31966463582341
161.52765184850378,154.64067226682027,73.35258628917032,154.05122247608264,177.35587937243767,172.66437061467852,87.74066727117697,90.31966463582341,2.842268706291962,16.49152630591391,71.149562848286,90.31966463582341
153.22884978553788,153.8104362197659,82.53650554001467,164.1027771025556,177.35587937243767,171.99851858911475,89.37724431279368,89.34893961977052,0.8865873087690742,18.824582896409314,70.267310500339,89.34893961977052
29.458404786665152,153.59797779034943,148.67130713219584,173.11526191261237,177.36257515124476,172.09017080906486,87.69925577370446,91.03362393766679,2.722261249813988,22.033589199749034,71.95199481823522,91.03362393766679
52.19528914217664,153.693378551352,178.5243226918506,177.2965650504659,177.3691284829688,172.7264393703604,87.70580910542851,90.39735537637125,3.7703693577260085,22.307402071119842,72.14802937976793,90.39735537637125
7.672411599779547,155.12720279305782,139.7954638365866,176.45644434263644,177.43798437392516,171.97705681729553,87.65478883439641,91.10610598051812,3.2767410384506555,21.263477707907906,72.74808050105821,91.10610598051812
28.13534076686781,145.30484646876604,106.15733986458793,175.6012946450045,178.71267105847497,173.28783903985124,90.0,88.75463573323164,1.7357045889283913,20.87163961862019,70.65567072787884,88.75463573323164
68.51455668293657,173.7606648589355,71.70130723296884,178.33281805799902,178.10957986409443,173.18908316913442,89.39690880561947,88.76802259736027,1.318084086201582,20.535589747581042,69.77514056883192,88.76802259736027
77.6115368466915,161.83990889185807,63.00817251101802,169.17066794559523,178.10957986409443,173.69786589014905,89.39690880561947,88.17203175569499,2.522027252093635,20.78761136340234,69.77514056883192,88.17203175569499
80.9125825067243,156.1874342231907,73.41206900594472,149.6860481493288,178.75944483459543,173.67863696833612,89.40319054877082,88.19126067750793,2.3160210599596263,17.45040794618753,69.44395478041653,88.19126067750793
80.34452998866173,156.06373634891963,74.60645556700949,151.3113578346776,178.75828240512385,174.28092739245523,89.40934278535333,87.58897025338877,2.527183910451768,18.37355288440103,69.12098311944257,87.58897025338877
88.3877960729323,170.8376529542783,74.94430678882415,155.36364026552002,178.7507996077897,174.05109749065142,90.91677854412829,86.13118958304943,2.4716647616334106,23.57167807290829,67.80848397327824,86.13118958304943
77.92471141680646,165.90429539678655,75.72913139181604,148.058440518239,178.74916950911168,176.41454281964812,89.41536947929482,86.46044083145006,2.0434323975771425,24.94833335104202,69.8293465881496,86.46044083145006
83.34012931184117,159.17220510991947,74.61309580999189,118.76313628642097,178.66778014613038,175.185613090581,90.0,87.04922089099364,2.4034243944498397,19.85134627806253,71.91655461695134,87.04922089099364
95.2970481045968,138.63346893444074,77.3059248259026,110.30636119627243,179.25241066683552,175.95053463794318,90.58463052070519,87.6386253418244,1.7121898481120805,15.868066511199286,74.05460409907714,87.6386253418244
121.10954700499273,140.47928981583155,78.29047681047427,120.4842273695366,178.59277735817,176.0001897263788,90.59065721464668,87.58897025338877,0.7389188775776058,19.41879056533325,73.89869760084157,87.58897025338877
135.76535610917333,138.85063882391074,81.48089251106158,121.13897243697886,179.83691947403776,174.06280222587966,89.1237308390202,90.21744024458218,2.8600702716594166,21.751614636390077,74.85970234466242,90.21744024458218
131.62877183953404,148.42006418884353,87.36222220297145,128.74870776306537,179.75552500359484,174.76717823190015,89.90579459407695,88.77015486657024,8.723979042899424,23.711150909453984,72.53125744649043,88.77015486657024
132.26348404057458,150.42519472731067,90.83724824434785,129.4061557829811,179.09040409400438,174.75182098329972,90.01770027114316,88.04431860247706,10.592902693373022,25.030659148300135,71.37410131354221,88.04431860247706
139.17710696890222,154.7281665354887,90.27172591443487,130.26421235642954,179.09040409400438,174.75182098329972,90.06872054217524,87.99329833144498,11.084217685619127,24.698887853436553,70.80566743733885,87.99329833144498
141.06588729699652,154.5192820522105,93.72942515831348,127.69424046668917,179.7204781451788,174.1899005722807,90.12721773046087,87.93891749088823,13.032594545643017,23.902050411010844,70.08970594714668,87.93891749088823
144.108011159303,158.02175224950875,95.43547769063646,127.96672799133688,179.69699306129942,174.151558543978,91.71835800165545,86.38611924799635,14.804571401273552,23.864281280349008,68.19859051364818,86.38611924799635
152.4279001629393,160.6768156818382,93.07594727620513,126.13672477476732,177.839925881678,173.86620373614645,91.28595331732855,88.008598530428,14.725003222651841,23.41555319788908,68.76575196849626,88.008598530428
159.4174657487795,161.68879996848446,92.8209885935155,122.45143285508288,177.70938995736148,173.72112461297718,92.29061004263853,86.49646835521554,13.419576767449902,23.347405864667277,66.73229518994304,86.49646835521554
161.98023071822288,166.15142758975097,91.98634069588222,123.68604479345021,177.6862775021758,173.60961097504904,92.3137224978242,86.49646835521554,13.218212198610878,22.975015141238657,66.52260010790707,86.49646835521554
164.57093194418604,168.4248111826038,92.6240966554436,122.45143285508288,177.01224060419128,173.75715213674266,90.88162631365957,87.89253701561466,13.227224952071087,22.699666759726085,67.25298903747546,87.89253701561466
165.82047396292583,170.96415629470684,92.7471544119157,121.4362983738572,177.6862775021758,173.75715213674266,90.88162631365957,87.89253701561466,13.227224952071087,22.226549689038965,67.25298903747546,87.89253701561466
165.04485645924612,170.1546973311852,93.52277191559538,119.81362245113792,177.70938995736148,173.64563849881452,90.8585138584739,87.89253701561466,14.180160686975643,22.268881250980513,67.46960720958646,87.89253701561466
167.30554481930665,169.26110289909454,93.44304836097068,118.47118024563662,178.94635580424423,173.68241370526195,90.30360840476375,87.85576180916723,14.234003762410337,21.847251890800848,67.74140678133722,87.85576180916723
166.65127288671263,168.86926361836652,93.19446053308712,119.48907511802665,179.70799637118432,175.07253829920913,90.24596910129657,87.29325723604092,15.656396421552374,21.463045197790418,68.59460736200327,87.29325723604092
167.04351683274444,168.4533094540727,93.78852731979822,119.57783868126134,177.73380206146143,174.51058255678143,89.59004864213206,87.93891749088823,17.051261855553502,20.991550317732084,69.99582982222694,87.93891749088823
167.9794206480302,170.18673669211339,92.77647548091532,121.48975023504863,177.77474515833194,175.90109786994714,88.0013587934624,88.87536115935626,17.051261855553502,21.463045197790418,71.37842063351246,88.87536115935626
167.0432112786116,170.58737056313387,93.48010666917396,120.77403610124819,176.5111926712543,176.08842818747135,87.41697933136493,88.78112476486871,17.47941528168095,20.744747685092243,71.6943868028008,88.78112476486871
167.99488088679024,170.99522087472272,93.48010666917396,120.77403610124819,175.8952389500083,177.34511145117082,87.33260327119697,88.24641266464403,17.712337667138936,20.744747685092243,72.10922810635532,88.24641266464403
167.99488088679024,172.4612664737591,94.33720259275205,119.6200735103454,175.88895720685693,177.97830613367205,85.69771699744142,89.87501719524823,17.965005608973218,20.795455353361202,73.73783263695947,89.87501719524823
168.86670589200259,173.77562914028513,94.33720259275205,119.6200735103454,175.88895720685693,177.97830613367205,85.69771699744142,89.87501719524823,17.965005608973218,20.795455353361202,73.73783263695947,89.87501719524823
169.1910980939159,173.77562914028513,94.09055224206217,119.6200735103454,175.88895720685693,177.35293623012802,85.55435838205827,90.6437457141754,18.277060738298733,21.046058381824814,74.41891968584565,90.6437457141754
168.24552031782252,173.9901431108745,94.95838816693208,119.3323096569649,175.88895720685693,177.22606160267208,87.23034878779937,89.01538271185592,18.94303947302634,21.758236397065986,72.94412763870633,89.01538271185592
170.04503699331656,172.19100753970426,94.09055224206217,118.44813946328426,175.88895720685693,177.84472437920851,87.32632152804561,88.30074719507331,18.277060738298733,20.756597897852558,72.31471119255144,88.30074719507331
167.3113495488458,172.19100753970426,94.95838816693208,118.44813946328426,175.88895720685693,177.84472437920851,87.32632152804561,88.30074719507331,18.94303947302634,20.756597897852558,72.31471119255144,88.30074719507331
167.37369531261024,172.19100753970426,94.95838816693208,118.44813946328426,175.88895720685693,177.84472437920851,87.32632152804561,88.30074719507331,18.94303947302634,20.756597897852558,72.31471119255144,88.30074719507331
167.99488088679024,171.7650244630611,94.50926147347994,118.2760805825564,176.55909883025205,177.27368900609372,85.69771699744142,90.5003870987922,18.224027520063878,21.026636522478668,73.73783263695947,90.5003870987922
166.76857104538917,172.0403357534649,93.86298287150505,118.55139187296018,177.73380206146143,176.9698937985602,88.0013587934624,88.9209839976939,17.24478910775488,20.70504796825959,71.37842063351246,88.9209839976939
167.366638064725,169.3704328167535,92.32851546650897,118.44292862436333,179.70865599486547,177.0081215213508,89.1815445383114,88.9656515971302,15.398422991467534,21.446581472944036,70.34617594194668,88.9656515971302
162.5507887063785,164.57889598428503,90.45881525366929,118.65840031596443,179.72606125114683,177.0081215213508,88.67741168111698,88.87987953618307,13.52701843739521,21.790020436529026,70.26040388099955,88.87987953618307
152.49307303946142,160.14044290286577,87.2189739698726,123.37525871859071,179.26636618573167,177.4120458380228,88.12481717621418,88.78958909840912,10.515183223311432,23.539287616155097,70.12133672808841,88.78958909840912
133.2147354977698,157.81332210655202,84.97968406036544,131.75862771313396,179.5158608025895,176.17924188339853,89.16616032362656,89.57910193673229,9.016865057452554,24.590686435128454,70.29776659235495,89.57910193673229
120.94239345345386,161.4949931975074,79.66729948407821,138.84094902533695,179.56390426427075,177.76778176883903,89.23119962674699,88.3662792261577,4.262539248631126,26.488605886197732,69.90692605578221,88.3662792261577
94.86451443776053,159.66381471246356,79.84540435686822,143.15248643148303,178.28968572205386,178.37456277279503,90.67669034027934,86.96992979919133,1.301952672578875,26.293990966267135,70.08937386892853,86.96992979919133
89.61854239035786,157.00517804189118,80.567027128365,155.39882199825112,178.2285302599659,178.32666662552907,91.77146974003409,85.333141628561,1.2090528464697243,23.76995085010955,68.09682191816083,85.333141628561
77.97772331381647,164.97930733337859,71.99226945304768,174.2288158874732,178.20126206368232,178.90933034416074,91.16913932790743,85.38007651833959,1.635978108073861,19.630046418777738,67.7965214679426,85.38007651833959
57.87500155961248,50.90367603699567,88.12212255271464,175.80542104007765,179.37040139158975,178.95626523393932,90.0,85.333141628561,1.0426021581480511,20.67992355500902,67.59016262850673,85.333141628561
9.05788812861766,68.53423857506867,133.99491399474581,172.53394137223935,179.3772443127937,178.47934432877645,90.0,85.87240829748826,2.960401687413782,20.66838974131948,67.89055165624832,85.87240829748826
18.43494882292201,142.17419324326218,154.42270922256182,178.82668091141343,178.76731019720924,177.9431010732329,90.60309119438054,85.78582147726596,2.775905250937504,21.085413994387014,67.68055960702492,85.78582147726596
127.80335117250804,143.27507908601197,101.52372170389732,171.87490952297549,179.35625428582463,178.10102105881614,88.49256424122504,87.20296679826697,0.4488825705896439,21.264098461093646,69.70602627242312,87.20296679826697
141.54038582819663,156.34578664908975,86.18592516570965,161.56505117707798,179.3414568224364,178.76629282641844,90.0,85.03025927188969,1.0670330639329613,19.63741910842172,67.68055960702492,85.03025927188969
152.20297142028227,146.00557528627314,76.20797353507344,164.18938861833453,179.34145682243636,178.0800005020727,90.0,85.64892204842612,2.9635890154825075,19.56382739548206,68.51455668293657,85.64892204842612
161.82007521776552,144.12535816802423,71.76671714742744,145.99791739645153,178.02506598911802,177.67681888502833,90.0,86.18592516570963,4.502877348178936,14.595186575193294,70.65567072787884,86.18592516570963
162.30081323930682,145.72196905939094,70.98949649654926,151.5423855896222,177.4155594124428,176.43425047238142,89.39049342332481,86.82016988013577,4.957572305443795,15.246653971074045,71.20011484134734,86.82016988013577
167.68352543758553,158.27290406408198,68.43840766253949,149.4673718896582,178.02506598911802,175.25018284260744,88.21008939175393,89.18734840574626,6.535739722180764,15.13488641400449,72.80228652037584,89.18734840574626
166.155594362684,158.7811068563544,66.97450799147197,147.87500155961249,177.4155594124428,175.14195149200432,87.65478883439641,89.16234512575153,7.806400829235755,15.574872049528627,72.74808050105821,89.16234512575153
173.19307820387624,159.62914080065767,60.70863782901574,147.87500155961249,177.40900608071877,173.9096148158943,87.64823550267238,89.78319553952878,9.814741199464015,15.48015988483564,72.55669656311761,89.78319553952878
171.94467096348205,160.5748201830318,60.10109816138543,146.92932217723836,177.35587937243767,173.9096148158943,87.64153972386528,89.78319553952878,9.827275826153798,15.3793935808603,72.36156482027081,89.78319553952878
165.38309139163147,160.28222502775657,61.0490047925332,147.87500155961249,177.34903645123373,173.29996725828488,87.68571707369344,89.73217526849669,10.740013834025664,15.48015988483564,71.54838088964817,89.73217526849669
166.50806189569155,158.91256698158764,61.85839876773828,149.42077312751096,177.34903645123373,173.32239221976727,86.00394072815993,91.39152665254784,9.79011903531015,15.831373056065729,73.02235940751143,91.39152665254784
169.41654568090073,166.35404872077925,61.29404745659892,141.34019174590992,178.0474909506004,173.1844251786118,86.53177074108285,91.53764181775011,9.90919353015676,13.894541083527185,73.73553975925608,91.53764181775011
171.13413558361518,163.35496178532404,60.70863782901574,138.17983011986422,178.069412558833,173.1844251786118,86.53177074108285,91.53764181775011,9.919518210102858,13.050256606554775,73.93157432078874,91.53764181775011
169.8197997004676,160.52862175070914,61.189206257026946,140.63068275763527,179.3364765566185,173.06733787280473,88.8738019877468,89.826552155932,9.510456427600428,13.557173988788346,71.65372710474759,89.826552155932
170.43671617045695,161.21542452045063,64.02560603756868,141.51980175165698,179.31576225285548,173.06733787280473,88.86738660545214,89.826552155932,8.477345251241752,13.644818100558778,71.85053947507294,89.826552155932
154.1422681914663,153.28486199001634,75.25643716352927,146.88865803962798,179.31576225285548,173.06733787280473,88.86738660545214,89.826552155932,5.3373999884427015,16.097873292108595,71.85053947507294,89.826552155932
154.79407221415946,158.37101294341053,73.14160123226172,154.39781244855823,179.31576225285548,173.06733787280473,88.86738660545214,89.826552155932,5.249724801308369,17.639350821904905,71.85053947507294,89.826552155932
152.3874633832418,150.80251395393552,71.87946133210288,161.9948878842987,179.31576225285548,173.06733787280473,88.86738660545214,89.826552155932,4.966132030102023,20.111900786471534,71.85053947507294,89.826552155932
155.77225468204583,142.0927814322792,80.53767779197439,169.43898930880363,179.43054479674353,173.64773836180746,91.20604877921997,87.51044707800084,0.7581229678279378,22.413899679910728,69.24592868120061,87.51044707800084
36.662555561153276,149.13910831165052,159.4039716888516,171.8299145542791,179.43610918442826,173.12151657687895,89.45778483505366,89.86802574949422,1.3413019281113996,22.252334921058758,71.51084515776029,89.86802574949422
66.90317808183916,149.26451229807992,163.76764933884377,177.7974018382342,179.9610586062364,174.33271432176085,88.90597289675037,89.22186764197943,2.451770273498392,22.648348815831536,71.65367163699852,89.22186764197943
19.928102590464622,162.07208023799274,156.2236565027662,178.02506598911802,180.0,174.33271432176085,88.40885972880542,89.12832359527772,4.6082862561854325,21.84162510760201,71.03509505161111,89.12832359527772
36.52663451425892,140.9061411137705,107.35402463626133,175.6012946450045,179.40934278535335,174.30654589265416,89.40934278535333,87.56335175318986,3.5234132672426792,22.07489561701867,69.12098311944257,87.56335175318986
62.927919762007235,166.67782469853114,90.0,169.11447294534125,179.40934278535335,173.67863696833612,90.95750048433129,86.64310297852998,1.4939213775746172,23.266109727928523,68.28118888917164,86.64310297852998
78.6555311953144,166.6483635854298,76.9047270524862,167.99070428227947,179.3489396197705,174.36813551310593,91.50743575877497,86.08153449461382,0.46258563106673123,24.16135965152453,67.29850775968276,86.08153449461382
90.96585331975871,156.99675744919605,72.58380180871586,155.27110298812687,179.3414568224364,176.0641902719446,91.46880071438582,84.95486491061683,1.6796914150378925,26.829102793271836,66.83066254629671,84.95486491061683
118.30075576600638,158.9834151166401,55.892517328462056,152.90148398254365,179.4153694792948,176.65829242178935,90.58463052070519,85.82956347515788,9.574170963967159,29.299255238782944,68.80594351845771,85.82956347515788
122.84246988492974,157.21470542434344,57.29207964350246,147.42875094866986,179.4153694792948,176.61953515414257,90.58463052070519,85.78582147726596,10.336490697147912,30.69781703184677,68.80594351845771,85.78582147726596
121.2930389959202,156.16616024270695,62.763698865374685,127.50963177625457,179.33380002981684,177.24592178135552,90.0,85.78582147726596,10.360365617584394,21.862467069729778,69.8293465881496,85.78582147726596
135.2323417090604,151.09035208460307,64.70094782331674,131.7979794166779,179.92445724446355,176.05757941171487,90.59065721464668,86.34777721969365,11.152211088651113,22.671671387914206,69.63839672461384,86.34777721969365
138.1511227672746,157.81066079126157,65.90883554256202,135.62567006924724,179.25843736077704,176.05757941171487,90.59065721464668,86.34777721969365,8.539079226000686,25.666516419207664,70.15930191603165,86.34777721969365
155.13092986926387,159.70243022777132,64.80361107334477,133.82184670507172,179.02415490187562,176.80637794992322,92.95077910900635,86.9225446005756,11.88564932108148,26.01300982018438,74.4454287299256,86.9225446005756
165.8068436001918,162.80113899727112,66.19107847883286,132.94105737973894,179.0399037203738,166.6901699094152,90.69085117734366,93.54965524981378,8.004728857292857,25.991604395880024,74.76504166891561,93.54965524981378
148.9843920979069,160.99340321143129,80.19629045320531,130.26758459523475,176.6130776030086,164.81445052468766,91.88301861820908,94.11175059476216,3.9858503666479153,25.020226682251906,73.41397617959734,94.11175059476216
140.08224513157106,160.93258785396483,86.26037889496673,127.73169332582697,175.87240829748828,165.93668872753798,92.0821832136245,93.30445369606247,9.892081974491669,23.334041276709783,72.0143958079895,93.30445369606247
145.65225043677182,158.14200210783767,85.03245959880704,125.95778596490351,177.82436836305294,169.5426082272005,95.38716943454456,86.92041233136567,11.253924887252248,21.774108826955302,67.4683094660586,86.92041233136567
147.4756284545164,160.17352452453017,86.69479638327265,124.50852298766839,178.50584932033726,170.6859246292375,93.53955916854996,88.13232116056582,13.663136546378201,21.37352127981731,68.60710964801855,88.13232116056582
149.75539958447155,161.7622819970501,86.84236129855607,122.37054104697461,177.25276237093271,170.6859246292375,94.12759170251174,88.13232116056582,14.550457252868929,20.173160117869404,68.09682191816083,88.13232116056582
154.85521436932106,159.4828329173553,85.9709397068515,118.5892154031223,178.4295749644381,171.32849511080596,92.95077910900635,88.13232116056582,13.515837636431842,18.85222640308472,68.09682191816083,88.13232116056582
158.35874601410552,162.31264051024246,86.14882611656056,118.41132899341318,179.01897941526883,172.5956322522637,92.36137465817562,87.51044707800084,13.405937465421694,19.44686144312221,68.09682191816083,87.51044707800084
158.28538676268005,162.4813197020039,87.80487543283621,117.00139021287652,179.6257112872623,172.4815731205578,91.77146974003409,87.51044707800084,14.602771874385102,19.333404602282293,68.09682191816083,87.51044707800084
160.9500454282989,163.2529270886301,88.1000860650351,115.96140141227986,179.67621717541024,172.36488126660134,91.77146974003409,87.51044707800084,14.64167431852209,18.53385857630678,68.09682191816083,87.51044707800084
158.34917040221396,164.85543741542662,89.76540876473067,116.20805176296977,179.09479032504083,172.50889585549814,92.33730585912383,87.4831243430605,16.128956796554828,18.208834949570484,67.7965214679426,87.4831243430605
160.07542573153512,163.96766064606405,89.91598865329641,115.32027499360717,179.09479032504083,171.3490042781127,92.33730585912383,88.11181199325905,15.820799601499097,17.409530746302295,67.7965214679426,88.11181199325905
159.39478793363506,164.78741713137953,90.9207212247032,114.25841210156261,179.11837368634045,170.07729099697858,90.72258222662963,90.33209506401931,16.80916845327991,16.942164467579815,69.38766173913717,90.33209506401931
160.4292241872052,165.26859412908266,91.75396381056721,114.25841210156261,179.11837368634045,170.07729099697858,90.72258222662963,90.33209506401931,17.532727661391853,16.942164467579815,69.38766173913717,90.33209506401931
157.88579375972722,166.13897243697886,92.90008285231288,113.94042668090037,179.1550782165616,171.8292046274638,92.3137224978242,87.51044707800084,18.24567433611619,16.942164467579815,67.50352849976741,87.51044707800084
157.88579375972722,168.35942778608828,92.90008285231288,113.94042668090037,178.52949476993305,171.95036919337093,91.37256382202243,89.05860477697883,18.527750457858275,16.942164467579815,68.13604352967525,89.05860477697883
157.88579375972722,168.35942778608828,92.90008285231288,113.94042668090037,178.5113746631643,173.83747632942502,89.90793401681704,89.28139050502284,18.81736937523326,16.601500077542852,68.8843845739155,89.28139050502284
158.6649683247651,167.2499741641836,92.90008285231288,113.71920855423551,179.81027956917467,173.83747632942502,89.40163241270264,89.20427644726072,18.534082966849745,16.907180992781505,68.80727051615332,89.20427644726072
157.73341172668762,165.11644045236685,92.01996819772415,115.04881016564246,178.5113746631643,174.4852842535972,89.98504807457921,89.20427644726072,18.534082966849745,16.570583701472533,68.31210866025759,89.20427644726072
154.11354730518997,162.09643104778007,90.5232345821842,118.46997357837199,178.476459506296,173.72447614933114,89.90793401681704,89.93533210475897,17.381131926233646,20.05071282981752,68.8843845739155,89.93533210475897
144.39083655639348,154.80664948967097,86.73796652260324,128.87119692100327,176.5386082676714,174.69191419580534,91.03353364359461,89.36266105975665,13.485339488707908,24.274557279320124,68.24247219920494,89.36266105975665
148.8071996245237,163.46183513762676,76.81219007869443,144.91275144672383,179.06300303394985,174.03327715624928,91.15361513816114,89.94929578357869,5.397890087620907,27.15037346553705,75.03191939412744,89.94929578357869
106.95214669647098,159.07549825507886,77.58154139806769,152.04502931130384,179.59113439122396,175.27961242576862,90.31596616928839,89.0006300446932,2.2356215488555873,28.498841233423203,73.61045966596521,89.0006300446932
95.32851777161521,159.39244995067213,73.31990702442681,167.31961650818013,179.28433699098568,175.36581463682526,89.28433699098566,88.86437398880236,0.17987394230326179,24.07801151316567,73.29346042566533,88.86437398880236
70.44540649654883,172.81511347486028,78.18735223631892,179.82678520502378,178.1238787855627,175.97325897293763,87.76033176400276,87.98435426131039,0.20139031126774498,22.343245864263817,71.75141192776124,87.98435426131039
9.344671902099687,161.81873102264106,132.95459151111277,174.94180400692943,177.506622279255,175.39849159205568,87.15737417916331,88.55912164219228,3.4987555948359232,22.558127009863735,72.29224776949553,88.55912164219228
110.60969293753207,153.88992559712332,118.72613066530437,168.6765734660519,178.13016052871413,175.46839150543158,87.61327994052475,89.3532623614359,0.6451091630025715,23.26396270544966,73.71758845928656,89.3532623614359
148.25403200821077,146.7356656675624,79.63227177907487,165.41297764634615,178.15782628200247,176.15235532170882,87.66748595984244,88.69092614473436,2.430395426636639,22.2548106712586,73.12001258159734,88.69092614473436
150.0948761079253,147.88682175670596,79.35681342293962,162.15939638935436,178.74095479282477,175.03140870474434,88.21008939175393,89.3270939323292,2.994738368604977,21.14721454323347,73.17421860091503,89.3270939323292
167.69698128520494,163.23633715251532,64.79887635452492,149.58891873287462,177.51500254202986,174.5152994795418,87.49403811577444,90.04147359356216,7.268322673829948,16.088785987595276,74.9336529650667,90.04147359356216
168.6456004960927,159.76010921100453,64.88516511385544,152.4471884232822,178.74095479282477,174.53580864684858,88.09084756700362,90.02096442625543,6.9035288819341725,16.41857386233476,74.20872464432921,90.02096442625543
164.95867052681933,157.8656808819677,67.16634582208245,152.9494029929139,178.72696997994328,174.53580864684858,88.09084756700362,90.02096442625543,7.334621650231179,16.858316717711986,74.38358405927352,90.02096442625543
164.4088395224792,159.76010921100453,67.38013505195957,152.4471884232822,178.72696997994328,173.84529377323562,86.30861401354872,91.80319797971038,6.976662461189709,16.41857386233476,75.43949014937272,91.80319797971038
163.75436695452575,160.07573175444685,69.30029662885457,150.37517527848158,178.71267105847497,173.84529377323562,88.1523897340054,89.9594222592537,6.563280814187602,16.40448935438024,73.59571442891604,89.9594222592537
172.48021575448018,162.35479260658428,62.10272896905237,150.52411099675427,179.31576225285548,173.84529377323562,88.69393876138416,90.02096442625543,8.042075789057535,16.29326147051285,73.65725659591783,90.02096442625543
170.5376777919744,159.71930025813816,60.80251395393553,152.48799737614857,179.31576225285548,172.60650341606052,88.62815718349856,90.71588880370672,8.31109202434063,17.0820922535087,74.27450622221477,90.71588880370672
171.20258929000894,165.27508509761878,63.1728773309154,149.98698639438786,179.9187198376949,172.5128829446201,89.16064029033274,90.78636328171194,7.1250163489017995,17.86968958268521,74.34498070022005,90.78636328171194
147.8586555379421,164.43871853098273,80.24254878211173,149.81511588108805,179.31576225285548,172.62048822894195,88.62815718349856,90.70190399082526,3.5726747726829315,18.525647242255758,74.27450622221477,90.70190399082526
142.43140797117252,165.69972255081439,83.64951621548819,155.3443696114267,179.31576225285548,172.110682974335,90.60309119438054,88.72696997994328,2.492538710032264,19.66087150937239,71.9276778510405,88.72696997994328
137.29061004263855,166.42043057839564,91.04162667600997,160.8365130760887,179.36340642403653,172.19254246735906,91.78991060824606,86.95104418457866,0.24129743428005973,20.092534932013795,69.77514056883192,86.95104418457866
14.29032508181771,163.26640578240412,115.523424501068,170.82827096983405,178.76659697280732,172.78790057416043,89.40319054877082,88.74095479282472,0.554479788636667,21.781625412415103,71.56505117707799,88.74095479282472
22.83365417791754,134.14997661890894,117.51989243095016,175.46882437113047,178.80651057601796,173.30151998025815,88.80651057601797,88.74095479282472,3.682636950828937,20.392499195120568,71.02959219151344,88.74095479282472
55.877964253816565,80.65532809790031,83.6598082540901,144.09027692082233,178.80651057601796,173.9703593088791,90.49119489391425,87.06995141533538,0.3421077887079728,15.567762281249674,70.05775260671396,87.06995141533538
89.65359684759413,165.45933130062372,70.63642155071754,160.7590483058879,179.95406363868318,173.9703593088791,89.40934278535333,88.75463573323164,3.241087166566679,17.8337850655764,71.21137801783154,88.75463573323164
94.1512852664217,97.1590804230768,65.18580300946485,137.04176557310416,179.93959683441716,174.81638637801979,91.0004830565479,85.99782998219419,6.610109296673026,17.071021291319088,68.75503567075211,85.99782998219419
101.0035408517495,139.3987053549955,67.85356928991118,129.88268515002736,179.91059362272068,175.33382369681465,90.96352717827278,85.4390547968387,7.227311865120007,19.71322568974089,68.46873577912206,85.4390547968387
114.81419699053515,163.16252737432362,65.1321050125223,126.7565530271057,179.3259631020155,176.45131802609555,93.17983011986425,83.24383550513839,13.44271367507542,23.61971245080364,66.83706335823578,83.24383550513839
127.4316029784106,136.6431754883446,65.90118059215325,126.39520424827836,178.74133258131033,176.45131802609555,92.22120756232191,84.78708858338592,11.092421763368979,24.671665331331727,68.38031643648328,84.78708858338592
135.19669881360863,141.9198521045855,65.96962082889719,125.56445568978154,178.24659513992847,176.53056525012983,93.60101512606613,84.57605535900804,16.88238312800888,27.119295688795543,69.19815803449423,84.57605535900804
143.07779950135247,152.4436772939119,67.63026912070855,129.27691187207296,178.47265793538236,176.45584100601994,92.89126959622057,86.98721249581665,13.362291136549745,25.430725512018874,74.74488129694221,86.98721249581665
145.73284800999346,155.22279151405368,81.24561196733548,127.61128259998262,179.05020503377867,176.98136613686515,90.02311245518568,88.67672929063485,1.693668074450993,24.704215829076936,75.80615685310283,88.67672929063485
142.78815547531988,160.1483321857551,86.21906645933147,130.33486501722416,175.87240829748828,168.78801823606796,94.12759170251174,89.3904934233248,7.081572065924973,24.111158995566047,70.15930191603165,89.3904934233248
137.0729322046735,161.27137267263825,90.03801975521135,129.6142063710613,177.09770252298713,171.7762999522748,93.57633437499737,87.56335175318986,11.235696526557344,23.46527353587955,68.92250588301326,87.56335175318986
138.07081675382113,157.1993308860529,89.84761796696041,127.30990046781378,177.1057260181753,172.53827167079615,93.57633437499737,86.9225446005756,13.272021565166595,22.619411346435587,68.4046895510323,86.9225446005756
141.40966921328666,159.65763291124435,90.93155659807748,124.27400524031606,177.67254154515163,173.36255043289074,93.69138598645128,86.85504253530199,14.796042776802436,22.328955271455598,67.77496954888645,86.85504253530199
144.53762127753495,161.9713304030303,90.77979832675739,122.6547143394348,178.39318570858092,173.21691998375533,91.86231217206027,88.67906995475528,15.331655899735503,22.298688090164838,69.56488015713245,88.67906995475528
146.33744639497533,165.77712598850795,90.93203010713319,121.5068282257973,178.39318570858092,173.06947559798303,93.65222278030633,86.9225446005756,15.639523532606976,22.145043529344765,67.46674992099574,86.9225446005756
147.70402361405684,164.05460409907712,90.93155659807749,118.12304750099963,179.00063004469328,173.72447614933114,93.04477844419398,86.9225446005756,15.650110465844403,20.92991876102616,67.46674992099574,86.9225446005756
151.899801433848,164.21924669048462,89.25772576796692,116.82787401031447,179.65900090642987,173.72447614933114,92.41102974661123,86.9225446005756,14.462803150115572,20.532524785964984,67.68055960702492,86.9225446005756
154.00011697305436,163.88119125234263,87.39989663277089,116.88119895330846,179.73870866945097,173.72447614933114,91.80873932249207,86.9225446005756,13.405937465421694,19.77757284945977,67.68055960702492,86.9225446005756
155.71890441392068,164.2994040600743,87.39989663277089,116.00918440897962,179.71987995520496,173.10983742582357,90.15333356662936,89.17376036569988,13.644818100558778,19.31451828319114,69.83516755526489,89.17376036569988
156.42039140914906,164.33412356656234,87.30352030732871,115.7503196966662,179.1234587709409,173.76731379849204,89.60234915278745,89.12832359527772,13.573021043678182,19.656578574549677,69.78973078484279,89.12832359527772
158.11724784671782,165.14734052576,87.39989663277089,115.7503196966662,179.59044346519838,173.76731379849204,90.19877033705149,89.12832359527772,13.28409498389442,19.656578574549677,69.27169987821947,89.12832359527772
156.8222620073939,166.45874015283084,87.85746299899891,116.8292373371498,179.5944824201271,173.71552686918645,90.16226458887697,89.18011052458337,14.547039262088933,19.656578574549677,69.6879621893554,89.18011052458337
155.87974674450368,167.75423194794075,88.79997826188915,116.8292373371498,179.5944824201271,174.28595834255742,90.20524716109358,88.56669647899577,15.028505067927297,19.34743243578261,69.13832032748468,88.56669647899577
156.7749204547148,168.59280126189202,88.79997826188915,116.8292373371498,179.5944824201271,174.28595834255742,90.20524716109358,88.56669647899577,15.028505067927297,19.34743243578261,69.13832032748468,88.56669647899577
155.87974674450368,170.30937897674158,88.79997826188915,116.8292373371498,179.1477743875514,174.28595834255742,89.62098162892947,88.56669647899577,15.028505067927297,19.34743243578261,69.64497961713874,88.56669647899577
156.0106946932448,170.30937897674158,87.74795565459745,117.75031199570034,179.71433964857238,174.28595834255742,88.55587446906416,90.1983688998821,15.674709192714959,19.34743243578261,71.27665203802508,90.1983688998821
155.20277587877808,172.4581380864898,88.55587446906418,118.61045966596521,179.71433964857238,174.88083149757253,88.64164653001127,89.51772368391971,16.43892603958999,19.811035296151267,70.68422068742387,89.51772368391971
155.20277587877808,171.62371151010677,87.64068426734862,119.52564986768073,179.71433964857238,174.88083149757253,88.64164653001127,89.51772368391971,16.43892603958999,20.123551783401535,70.68422068742387,89.51772368391971
155.06060302042113,170.76356383984196,88.87879051183016,117.56956881129136,179.71433964857238,174.84405629112516,90.18754688995041,88.008598530428,16.390591497729474,19.97390888183498,69.34467916692057,88.008598530428
153.19916505304542,168.13962375567382,87.41182348063427,117.39444216507852,179.71433964857238,174.84405629112516,90.18754688995041,88.008598530428,15.198221224726998,19.97390888183498,69.34467916692057,88.008598530428
149.72948409660017,162.83971092057322,86.69658831196107,118.25458983534335,179.70764244253178,174.84405629112516,90.72258222662963,88.05158110264466,14.462803150115572,20.763057041980826,69.38766173913717,88.05158110264466
146.57911624574695,161.60215382982486,79.42148868391281,127.40607656329911,179.62760927657138,174.6127399769512,89.02012211945497,89.61826514287725,8.769395670722993,22.658763652332414,71.56995118386607,89.61826514287725
153.66231183391255,161.4456353860172,68.61137717218116,138.79215602146783,178.3961908847929,175.60129464500446,90.94578751011841,88.24353701172151,0.30960735069034256,26.076680632907554,72.65858119137783,88.24353701172151
141.5999169819139,171.08015621633774,68.22966197454646,149.4291122140894,179.87545919490537,176.40449061658518,89.98035797831041,87.40022541590406,1.1832213632473245,27.504461043234198,71.76563278181385,87.40022541590406
123.62675729814066,168.42357744992137,63.66321765307544,155.12901512526253,179.85303423342302,176.26860300083953,89.98035797831041,87.44890491099903,5.6699134538014935,27.89727103094763,71.76563278181385,87.44890491099903
104.49078196477255,153.92464441605125,62.89187712919822,151.58733855692742,179.85623027309248,178.07731760562518,89.83380531161009,87.00519328277164,6.463213345846468,28.071980059524744,73.17504885222934,87.00519328277164
102.41851760569371,156.50143432404792,54.296991226109014,160.9860403335925,178.65058214498092,176.79232485745524,88.81318058613446,87.48544164773807,9.147413502669814,23.067315264367103,72.44558133612492,87.48544164773807
61.38954033403478,66.16125981682826,88.97696981133215,157.1842900054961,179.34302988834253,177.4120458380228,90.61605990839922,85.69553103949201,2.1977962474419668,21.355050648714727,69.37646861667477,85.69553103949201
22.05250492053416,54.34467190209968,122.0053832080835,170.90972307917767,179.3287309668742,177.532863379922,88.93137559050294,87.33360636632244,5.930841491400996,21.905420792667563,70.85612852768946,87.33360636632244
5.502340426182494,112.02945118574077,134.8980503219844,175.92002284592482,179.3287309668742,177.4120458380228,90.61605990839922,85.69553103949201,4.817380767187704,20.04632742401943,69.37646861667477,85.69553103949201
60.94539590092286,142.558423204621,162.045050286056,179.80695565125535,179.9657608624998,177.532863379922,88.9248222587789,87.33360636632244,2.887725778303381,20.728252894272504,71.06115293457106,87.33360636632244
45.43903952568167,147.4445217262083,172.911524321854,176.02851292097415,178.71267105847497,177.4862543888561,90.0,85.69553103949201,3.119910326515321,22.37434818403529,70.11483488614455,85.69553103949201
102.22282514668441,140.99015246047406,128.70386497705883,170.71284829973675,178.71267105847497,175.75846129359843,90.0,86.88915934650925,1.7944544063422023,22.650940681364613,70.65567072787884,86.88915934650925
154.83692718589998,141.00546459032472,73.61045966596522,164.6498635075756,177.45990598215778,175.75846129359843,89.39049342332481,86.88915934650925,2.690268361097255,19.414486296560035,71.20011484134734,86.88915934650925
163.25802961470694,157.04882957492563,65.36503231239882,152.64106273344657,178.68547246723222,175.82745075997187,88.76844964240462,88.66778014613038,4.5124385536398615,15.161242578137998,72.66860224018387,88.66778014613038
163.72489693262196,159.03428815944255,64.6312513156001,152.6917669498679,178.069412558833,174.49917946999446,86.05481377096244,92.01459878787057,5.3528717948762,15.063991904340709,76.2690775303841,92.01459878787057
163.07248693585296,166.88970811174136,66.34918726117256,147.5870573060744,178.069412558833,174.49917946999446,88.02506598911802,90.044346569715,5.741067297424566,15.00231603171403,74.29882531222853,90.044346569715
161.14987163593312,166.39026810418775,68.07041224982464,146.70057946281582,178.069412558833,173.15722658736908,88.02506598911802,90.68760506935695,5.809663717367669,14.995268580394946,74.29882531222853,90.68760506935695
156.0884944095637,162.28695292231146,73.63062842492108,145.82830899030094,176.77468211029387,173.800485087011,87.4680918797973,89.97856499182939,5.018395252701922,15.65669544931059,74.23304373434291,89.97856499182939
160.85227905688677,162.0547467702072,70.75783023978627,145.2456566349531,177.39743779750017,173.800485087011,88.02506598911802,90.044346569715,5.7298878932993516,15.322970211957063,74.29882531222853,90.044346569715
164.96956947656676,163.75039538556604,63.95182941111137,142.93968991095807,178.64782167632433,173.15722658736908,88.50165929054486,90.83376745513641,7.9518320612735955,14.676015774446741,75.01836742760906,90.83376745513641
163.57964996494854,163.75039538556604,65.31282627020737,142.96861256348024,178.64782167632433,173.15722658736908,88.50165929054486,90.83376745513641,7.153312305370734,14.676015774446741,75.01836742760906,90.83376745513641
177.14287695138904,173.20809489501957,47.72631099390627,136.46303190857435,177.95612158827655,173.10757687751484,88.23257676258501,93.01278750418334,11.106787070105685,12.87165822851576,80.0181707122668,93.01278750418334
179.12224513720608,175.45610032938362,37.6768271009464,138.61611389615473,178.51763044687925,172.44159360897382,83.00049446789123,100.74965114955063,13.44910956805843,12.577638336714339,89.4902645206945,100.74965114955063
175.00415783982697,175.8653286262636,36.936109996392055,134.54041804247004,179.13226917038682,171.82024793598978,82.77260893065835,101.59217541029108,14.357791962172271,12.146938669238562,90.33278878143489,101.59217541029108
178.93045675101052,171.5401778975366,42.41275615900486,140.5768586499238,178.44573514838035,171.82024793598978,82.97432603878451,100.74965114955063,11.444640171378225,12.895194668345619,89.59651526494122,100.74965114955063
174.96912684287355,172.07870719972618,42.58666356715011,147.29858984407983,177.83705514587524,171.82024793598978,83.0818059817498,100.03349120408024,10.261699092946378,13.836941099451245,88.88035531947082,100.03349120408024
174.7029518954032,172.60182348227173,55.49147701233159,144.68878656036682,177.933808685162,173.18178542834812,84.58780349373464,96.00900595749454,8.907825348419593,16.40856915416314,83.99752757112907,96.00900595749454
169.23424445525708,162.7378896469978,61.89864869403822,150.12492942594974,178.6600697734797,173.8113840367584,85.62091648653637,94.34014211970003,7.791008442675252,18.10162780965587,80.7916763134034,94.34014211970003
148.2003851161853,154.01495839590277,80.47745363387443,158.0319796696579,178.69804732742114,174.4567800355684,86.05481377096244,92.05699822229661,3.1504806209432368,19.393339011690905,76.96968676110782,92.05699822229661
144.2380849784924,148.0727162896537,82.55015857671256,162.03228468939528,179.9395968344172,174.4567800355684,86.89927122819539,91.80319797971038,2.2265976025967125,20.42274343628393,75.07569397912022,91.80319797971038
142.6179113638658,154.58911964793916,85.91438322002512,166.93068210371786,179.3489396197705,174.43627086826166,88.2642954110716,89.86802574949422,1.0696386907494086,20.772254682045833,72.76529678044182,89.86802574949422
54.7275785514016,149.8869702703711,177.87890360333853,174.9680657771708,180.0,173.80471603248924,90.0,88.1523897340054,0.8507540480312888,23.34389718375745,70.15930191603165,88.1523897340054
62.52955972025163,156.4778541979988,165.27568977688836,173.78867119005918,180.0,174.41992244241155,90.0,87.53718332408314,3.9989738439468168,21.172752300780676,69.63839672461384,87.53718332408314
27.89727103094763,162.66675729228436,167.73522627210764,177.94345263092146,178.75828240512385,175.03140870474434,89.40934278535333,87.53718332408314,6.566459542249909,20.737902982231958,69.63839672461384,87.53718332408314
37.2010834342594,174.19446488195905,111.10626342775022,178.5440981374583,180.0,175.61337047302146,91.46880071438582,85.4864208414202,4.700748434413828,19.631369802045544,66.83066254629671,85.4864208414202
53.734556878976214,174.8665528591648,96.87705740724007,172.15089114342464,179.4153694792948,176.19457293253146,89.41536947929482,86.98721249581665,2.2925020019179816,21.107151607602088,68.29946326068253,86.98721249581665
82.96502408956886,174.14398641457103,84.83366758603519,171.94411493530987,178.8308606720926,176.19457293253146,88.8308606720926,86.98721249581665,0.9972325739291437,21.88877718245645,68.29946326068253,86.98721249581665
92.45085263777102,53.13010235415597,71.16854692194488,112.01128319791937,179.4153694792948,176.79566618035176,89.41536947929482,86.38611924799635,2.7437049762234853,4.376928168848051,67.7965214679426,86.38611924799635
91.65548653911931,136.71679821128987,72.38742215707619,133.38190546726253,179.4153694792948,176.83400820865447,89.41536947929482,86.34777721969365,3.4797042884574045,15.481680039878349,67.7965214679426,86.34777721969365
78.38326574872987,150.42694993381429,79.2273523517793,144.1888360773588,179.4153694792948,176.6456240106251,89.41536947929482,86.38611924799635,0.42420400032659883,20.09874483755094,67.7965214679426,86.38611924799635
84.11401216697173,165.05429848385452,83.82110342250284,148.2723450069965,178.7507996077897,177.29058938079183,89.40934278535333,85.74115387782966,2.560135922343116,23.780247678196307,67.59016262850673,85.74115387782966
76.75443510996337,159.8423891054552,83.4526736790722,119.38016161336182,179.93211403708304,176.6839660389278,90.59065721464668,86.34777721969365,5.525842913810721,22.844917354401737,68.60710964801855,86.34777721969365
100.12467165539783,143.22983702531715,85.07289005235099,127.05210838803652,179.27374480885342,176.80637794992322,90.59065721464668,86.9225446005756,6.71216557315542,20.991447559683113,70.68364718049584,86.9225446005756
129.2475953061814,153.9537838733125,86.57921712485725,134.79772094803704,179.27374480885342,177.39120525325052,88.90597289675037,87.95328731873582,6.605766847710717,24.95077008095839,71.65367163699852,87.95328731873582
133.1471961354416,152.63080083207112,89.05304855322655,132.1798275275515,178.59277735817,176.72651448451234,87.3201692914631,89.49820431380374,7.884900800404682,25.6503519774272,72.51641660438418,89.49820431380374
135.40534633750292,157.11990234710473,89.97936774323497,135.14240843793164,179.61193582608786,176.7197415476268,90.70125971249253,87.28597896290074,9.428928966078164,26.143766272909385,69.8832748315445,87.28597896290074
138.02826634200144,157.9344242129341,94.47598843679012,133.72853916843775,179.80421337782366,176.2779423657687,90.64673763856406,87.29275899357827,11.980812579748235,27.19046673943194,70.62865079141778,87.29275899357827
140.49757835144896,154.9831065219,94.71944173733947,132.21584371578948,179.80421337782366,176.2779423657687,90.64673763856406,87.29275899357827,14.488909508413157,25.99834582498008,70.62865079141778,87.29275899357827
141.54589678936244,155.30625728552138,94.4340684379796,129.7090825369094,178.3194323496863,175.63759173669078,89.5445582452662,89.6114282733273,16.618835928870762,25.06315356110046,71.24319880780354,89.6114282733273
146.1986156296794,157.07325235712491,94.36959164839904,129.15751073380835,178.39889285346226,175.90014647550186,91.34488417836548,87.23787168662119,16.87532617046993,24.764429575917838,68.80292286369917,87.23787168662119
151.0419823121271,162.46569666626493,95.5179781057648,128.6718325518177,177.72325778897817,176.67211414420518,91.35963883781177,87.24006231962068,17.394582918823218,23.91247488987569,68.46461988244573,87.24006231962068
154.70241299907693,165.72897062669117,95.42049040387148,127.1921528898531,177.0792784789996,175.99419179298377,91.41328576222541,87.20296679826697,17.47822506680508,23.60811770212862,67.59977526460244,87.20296679826697
155.93840633958374,168.6283530092251,95.3262130231246,126.60104254909956,177.6862775021758,175.81080743217322,90.8449217834384,87.25462219165172,17.7902801961306,23.960582166155262,67.77811131155846,87.25462219165172
158.1104432300953,171.2419511396499,94.43103931291353,126.60104254909956,177.70938995736148,175.90390135520983,90.8585138584739,87.21791766143059,16.86999817691184,23.960582166155262,67.46960720958646,87.21791766143059
157.4493674185099,171.49425164837388,95.2349970714863,125.17227598883684,177.70938995736148,175.94856895464616,89.42820481652679,88.6035591039414,17.8638651144588,23.52528379780339,68.68329807942257,88.6035591039414
156.85653185205436,171.85623301946035,95.14670232192788,123.28608075271615,178.29864539467385,175.81080743217322,88.90865223961283,88.57852384297922,17.9254605749517,22.387600300062353,68.83021339113509,88.57852384297922
157.80788009980313,171.85623301946035,95.14670232192788,123.28608075271615,178.29864539467385,175.94856895464616,88.90865223961283,88.53385624354291,17.9254605749517,22.387600300062353,68.83021339113509,88.53385624354291
157.80788009980313,173.98084960572885,95.14670232192788,123.28608075271615,178.29864539467385,175.81080743217322,88.90865223961283,88.57852384297922,17.9254605749517,22.387600300062353,68.83021339113509,88.57852384297922
157.07207183835501,174.81441712886513,95.87096258502793,123.4248111826038,178.31531568210374,175.81080743217322,88.891981952183,88.57852384297922,18.360779570483043,22.387600300062353,69.04320787284655,88.57852384297922
157.07207183835501,174.81441712886513,95.02843832428752,124.2673354433442,178.31531568210374,175.8554750316095,87.49976819277788,89.926070002948,18.360779570483043,22.387600300062353,70.22242715054028,89.926070002948
157.07207183835501,174.81441712886513,95.02843832428752,124.2673354433442,177.75425743410491,175.8554750316095,87.95658923707605,90.03030720664867,18.619178990297055,22.387600300062353,70.32666435424085,90.03030720664867
157.07207183835501,174.81441712886513,95.02843832428752,124.2673354433442,177.75425743410491,175.8554750316095,87.95658923707605,90.03030720664867,18.619178990297055,22.387600300062353,70.32666435424085,90.03030720664867
156.0889679428421,173.55891369273434,95.88435978826091,123.37525871859071,178.35297133874124,175.90109786994714,89.47490063301208,88.55793626560376,19.30508161114867,22.017852308130557,68.23884043994809,88.55793626560376
156.20129079709892,171.36489984594564,94.80250604258354,123.30923568042178,179.6429534713681,176.04080078404968,88.90906451392235,88.5113272745379,19.640022122376443,21.635313988506226,68.50939605108204,88.5113272745379
155.9935411590667,170.6705720759053,94.02335231903335,124.38034472384481,179.6429534713681,176.2281756011914,88.90906451392235,88.41502037602123,18.619178990297055,22.113068857882265,68.50939605108204,88.41502037602123
151.07761997684008,158.33754065926772,88.62935617034037,124.8487366423146,179.03580636912076,176.2281756011914,89.42570121175443,88.48828859633068,15.175944484203665,22.152912926225163,68.58266427139154,88.48828859633068
148.28865413476203,156.79930897018482,81.58895215855462,135.08084462616873,177.23633582909122,173.61314413014983,89.22849924872398,91.7192623339235,9.225657273560833,23.897248797570867,70.82359419870892,91.7192623339235
150.89568745258183,157.74227059678893,69.3680807315806,142.6706739423175,175.88280497027444,172.10453231488685,90.59065721464668,89.39690880561947,4.027547979168476,28.80016727707,81.20945681718604,89.39690880561947
98.01709307365535,141.43979317450314,72.10533976595562,143.5203692246576,176.71075732150817,172.70748989972626,87.13759477388825,91.65635644689178,1.3825367389218248,30.544038034304695,81.09411629409107,91.65635644689178
103.08746274994414,164.05460409907712,64.06817769075569,176.3714678445636,174.33445969191808,173.49846215496785,88.19126067750793,88.19126067750793,1.3268925397086488,26.569933785251017,76.96134341697703,88.19126067750793
97.7835595264654,165.1181963274071,55.22900828735952,179.2910135784146,174.43862478669726,175.51860662412608,88.13768782793976,85.7990596451427,2.348330889795686,26.101569375526285,72.90395041766406,85.7990596451427
133.0908475670036,158.30884524512678,91.16913932790743,172.92471955832207,175.67981782039243,174.5152994795418,87.58897025338877,88.13232116056582,0.19048784311549846,22.36557288940445,74.13429219722617,88.13232116056582
53.3438915840331,142.26727933707494,178.75463573323165,176.9647251249856,176.93221547033264,174.5152994795418,86.34365041151332,89.97993142656043,1.7544026212071568,25.089006289042977,75.26027170906718,89.97993142656043
134.80740986982698,125.05942696688695,95.08710485434707,167.41703750592308,176.30093695875755,174.95067257286408,86.42017878350785,89.3270939323292,0.027652401092907678,22.52971093751963,74.81441114031634,89.3270939323292
159.2356222638478,155.72972674069052,69.06086011325377,148.0345580747551,176.30093695875755,175.08546768576701,84.6337550167566,91.05945871805784,5.594560044722414,16.211037861530485,76.4307834561356,91.05945871805784
175.68072497237202,160.04121035641637,58.78159723565363,145.37584492005104,177.52092120072334,175.16449629704718,87.00404061253397,89.27303495130656,8.288770551097562,14.565269888055463,74.0894828195789,89.27303495130656
174.22390803475983,169.2945159779178,59.65675111576043,131.28471089457122,177.4877563726231,174.53580864684858,87.35150031673224,90.15722048214627,9.5907279269905,12.270289067956556,76.0195410404375,90.15722048214627
177.68995777919758,170.82733380636526,55.20153781477579,134.01258696750833,177.4877563726231,175.14260835925813,87.35150031673224,90.15722048214627,10.682660463136044,11.757546644880767,76.0195410404375,90.15722048214627
172.4270513594566,172.51871428782093,59.50782482623172,136.15612532409656,178.72696997994328,175.14260835925813,87.95459151111277,90.15722048214627,8.713219548264638,11.71247231108751,75.45806993195976,90.15722048214627
172.23483398157467,170.53085117702838,60.572543596810256,135.44289600945538,176.85210442580637,173.9066658472829,87.19431064385365,90.94355295459047,8.473060594377868,11.643431498761679,77.30912520292418,90.94355295459047
172.54570118725155,169.5085229876684,60.572543596810256,137.86240522611172,177.4877563726231,173.9066658472829,87.19431064385365,90.94355295459047,8.473060594377868,12.118760334725179,77.30912520292418,90.94355295459047
177.3024579628022,165.6798654158525,57.779841231096974,141.93732610681758,176.85210442580637,173.9066658472829,87.19431064385365,90.94355295459047,9.183197680360273,12.912604273903938,77.30912520292418,90.94355295459047
176.37851529588266,162.19594960882716,57.26841641207041,146.72088889468478,177.4877563726231,173.82763723600274,85.3112920256446,92.8265715727996,9.200303450717271,14.102894828977007,77.89641052294792,92.8265715727996
164.09144498959316,169.30013493132827,66.72963675462637,145.45196708277155,177.46632136445248,173.82763723600274,87.35150031673224,90.78636328171194,6.48910025338448,14.237909438275938,76.0195410404375,90.78636328171194
158.12570229250463,165.00682890690592,67.80747977155512,149.53777458650458,178.71267105847497,173.75808565258498,88.09084756700362,90.02096442625543,6.508543817502235,15.993584097729943,74.20872464432921,90.02096442625543
160.08937386892862,161.5402155568246,64.50196131008126,151.71760042073626,178.72696997994328,173.86625819949106,88.09084756700362,90.0,6.588761897969499,16.430947965250677,74.03045583715505,90.0
146.52372170389734,163.7010950074599,85.60129464500447,156.92958775017536,178.72696997994328,173.84529377323562,88.1523897340054,89.9594222592537,1.116609472116723,19.110853019861707,73.59571442891604,89.9594222592537
134.5103044068708,158.99209084948146,100.52323389828985,164.67457601165586,179.36340642403653,173.34826286183176,88.2642954110716,89.826552155932,0.09103030777505894,21.591582526003847,72.19904965079996,89.826552155932
119.05460409907714,155.02885486837167,109.476575498932,168.83370166859223,178.7608948149145,173.43800779998153,87.70580910542851,89.77553188489992,0.521570423885288,21.20867195058593,72.14802937976793,89.77553188489992
26.81913279096923,160.19715331913446,164.97599613243372,174.85259730664754,179.39049342332478,174.01424987501528,89.39049342332481,88.11181199325905,1.7821946977778609,21.833616216806263,70.11483488614455,88.11181199325905
22.97272133082866,180.0,117.47443162627712,179.09061955080085,179.3364765566185,173.99374070770853,90.93865112230279,86.58416346158786,3.6469256408743442,21.328559014963897,67.69777098222265,86.58416346158786
33.10277372662206,151.69099192532062,109.92353203906644,163.87371584137196,179.34404598720528,172.7421217766736,91.03348584723621,87.74736304998405,3.945186229037563,19.381803679301772,68.86097445172105,87.74736304998405
77.20738830109472,175.13548556223947,79.47608835795272,146.94417718844633,178.72696997994328,173.97367213426895,91.59114027119459,86.56124946281082,0.5939541086808257,17.995410920934752,68.04725645341925,86.56124946281082
88.2384297034385,153.24217111744784,71.76350187116822,147.6973136770589,179.35625428582463,175.00524027563762,91.54815769897796,86.01519405421192,2.4756334452744446,18.59718867108779,67.76776203307523,86.01519405421192
90.38539180773309,151.33731876607413,70.38991793983863,143.10526673390257,179.3489396197705,176.2265638725421,91.54815769897796,85.40706385682806,5.50751748275546,25.436063350769317,67.76776203307523,85.40706385682806
99.08378080072396,157.00307881282276,69.85873059543924,146.05748860383682,179.40319054877085,176.15235532170882,90.9513482477488,85.40706385682806,5.5223501250428,27.022763474864558,68.0902390256359,85.40706385682806
100.76253722314247,151.76520250821036,76.711345865238,125.11747349600242,179.30948050970412,175.62452034261315,92.88741949386771,85.88142171305647,0.09855915653643937,26.0214642659712,72.70446957450126,85.88142171305647
112.15334473777803,150.03057542453544,78.18797520290505,110.94540825236444,179.24510622843297,172.36357366048583,95.60398544253643,86.77658238035632,0.22676311485969985,20.919625197109625,75.6732979957883,86.77658238035632
138.6128556360746,137.16506573054548,85.06262245163423,117.67425002563272,179.00524521126314,172.95423087513254,93.53955916854996,90.0,5.709395320498898,20.187624161340658,76.6607510966366,90.0
140.00719958942486,148.1575427400148,89.10408964134255,126.58765470957314,179.12890322420205,172.69493054448833,93.50353164478446,88.80651057601796,8.389945377767912,22.782405730481695,73.51554681046433,88.80651057601796
136.68850225482092,149.92610635834345,92.25668397421661,127.83244781666093,178.47140236609755,174.00765865605038,93.50353164478446,87.58897025338877,10.781342902918425,23.706781486670423,71.91655461695134,87.58897025338877
136.58781323166792,152.7517265970513,94.9697407281103,128.38874804327918,179.15946912128268,174.10521344104248,91.45812315589723,89.0006300446932,13.114417770473136,23.703504704949463,72.72905566938306,89.0006300446932
139.57392125990086,154.81947152959518,95.85188726598393,126.5156778650296,179.66057399735286,175.43301353140725,90.54739525087774,88.13768782793971,15.549196582224543,23.575570181518007,71.4283073328599,88.13768782793971
143.98307823453845,157.16634582208246,95.38438520972647,127.1260618682744,179.17125947143074,174.10521344104248,89.5325622862907,88.59179859742278,16.37635546768441,23.2569687730587,70.7575601610593,88.59179859742278
146.4880534945348,159.2332493794762,96.4318596767446,123.47888941488645,179.8094457879309,174.60941641362248,89.60917536915156,88.53537019479461,17.38054431940017,23.06327969919386,69.8476209596605,88.53537019479461
155.1949867646814,161.68470804352214,94.7477418248988,122.44621988674615,178.9637023915172,174.57809012942135,90.21092224288049,88.52597453879275,15.565898762968569,22.273436568518033,69.0109642585424,88.52597453879275
158.2466386207221,165.49691236377657,95.75400450399735,120.54757174890702,178.94635580424423,174.57809012942135,90.22826883015343,88.52597453879275,15.791854808059801,21.804920328859296,68.80459363556213,88.52597453879275
159.5647249262255,170.16516932683675,95.95983911071306,122.5327344578503,179.67882302564095,174.73450127666976,88.70557049747212,89.96800905998936,16.712618598716404,22.117512997294973,70.30994538097048,89.96800905998936
156.3429547922516,170.09631952270203,98.52672652407882,120.22135727697687,179.67882302564095,174.70251033665915,88.70557049747212,90.0,19.006568486138413,21.337225844624736,70.30994538097048,90.0
158.5502167188299,171.9241036651617,99.08231489781771,118.71380331167279,179.67882302564095,174.82556919529492,88.70557049747212,89.96800905998936,19.324563344336376,21.754464982712342,70.30994538097048,89.96800905998936
158.70264595096626,172.02976764348207,98.9726266148964,118.4879282455943,178.35306047246183,174.73450127666976,88.05170477925799,90.04927961472316,19.923465665988655,21.19442668983164,71.39352131959964,90.04927961472316
159.7859084280386,173.7724426429948,99.68484206417578,118.63081019258163,178.9592503430352,174.73450127666976,88.53852788179121,90.13505167567024,20.561757217256282,21.19442668983164,71.47929338054678,90.13505167567024
161.00334584451144,172.88491876102344,98.37699887933344,118.75773743175245,177.7508893131348,174.85824615052533,87.9775029482653,90.10237472043985,20.683974869455028,20.795455353361202,71.78693976788281,90.10237472043985
161.61933423001042,172.1735026203786,98.6703909430336,118.46997357837199,176.54691989972804,175.01485511054204,85.82098882997902,91.61868422602817,20.63416690212946,21.167349713653504,73.48403726303076,91.61868422602817
162.8216488089633,173.48786528690462,97.33736150196557,119.50961095573982,175.39990433373674,175.10206323119272,85.23635830927383,91.61868422602817,20.749611305846713,21.498131402537005,73.80786496009398,91.61868422602817
163.72965683841772,171.9241036651617,97.33736150196557,118.3585368875166,174.09479711540854,173.98391480864845,84.51025033156557,92.35428807397466,20.749611305846713,21.41806188984636,75.01392733993225,92.35428807397466
164.5796802195088,172.36016986603858,97.1545780401608,117.66127006282792,173.50320167158284,175.13693588635894,82.6995059775964,93.5300066878927,21.04124173215155,20.669466255339945,77.17318186962854,93.5300066878927
164.63629658399964,172.36016986603858,97.1545780401608,117.66127006282792,172.84448780019275,175.10206323119272,83.77636001750245,91.89749360447286,21.04124173215155,21.008664820426436,76.24256591051824,91.89749360447286
165.47050490590073,174.20441500471392,97.1545780401608,117.66127006282792,172.30394827798344,175.01485511054204,83.16763832258302,91.89749360447286,21.04124173215155,21.008664820426436,76.60750224624888,91.89749360447286
165.47050490590073,174.20441500471392,97.1545780401608,117.66127006282792,172.23576610527329,176.2601395063271,83.16763832258302,91.27016745979108,21.04124173215155,21.008664820426436,76.60750224624888,91.27016745979108
165.47050490590073,174.20441500471392,97.1545780401608,117.66127006282792,172.23576610527329,176.17764024078838,83.16763832258302,91.27016745979108,21.04124173215155,21.008664820426436,76.60750224624888,91.27016745979108
165.47050490590073,173.95776465402403,97.1545780401608,117.41461971213806,172.28511956373742,176.3019307312376,83.14880960833702,91.2283762348805,21.04124173215155,21.41389857553189,76.42087170268331,91.2283762348805
166.3144531747381,174.20441500471392,95.62389817749964,118.34800165665166,174.6953383043986,174.92574821579893,84.36073947959991,91.89749360447286,20.602632084164057,21.357560560735763,75.50579613104253,91.89749360447286
165.19800191656623,174.4230871084783,96.77565616939901,118.62544076205916,175.2363583092738,175.55307436048076,86.72951207681642,89.49820431380374,20.263722350354914,21.431608266446897,72.84815489846017,89.49820431380374
160.43835053989463,168.51433340442352,94.36015695566743,120.4771694339235,177.64889432943576,174.61228177399707,87.91070099014307,90.15964726969281,18.625044614828376,21.446581472944036,71.99088349548816,90.15964726969281
154.64176469036224,168.3071608766779,92.10957060085767,126.11743067180038,178.92628028191027,175.71561964324033,91.75340486007156,85.78582147726596,16.8110417838216,24.028406616068988,67.7965214679426,85.78582147726596
142.8766847969287,157.23273719388948,88.75463573323167,131.69684082111746,178.5736139102335,176.2209755974179,88.11199072030287,88.74298010734321,11.7578632497295,23.624281925311177,70.34308171612946,88.74298010734321
129.70143493010005,160.742448705528,86.27950195058695,140.54670133732168,179.87545919490537,176.79232485745524,90.1913912026883,87.33210808110869,7.483772585616829,25.383308651921627,69.41154659050318,87.33210808110869
57.93634991758267,154.56040393578354,84.81763674830889,146.30993247402017,178.98651262202299,177.68853454480472,90.7247976165589,86.82302614791018,4.731816598916897,24.286354354032287,69.52712869786501,86.82302614791018
76.2930389959202,170.92850242282282,82.47617956136139,99.07197813761661,179.85222692211414,177.63862534182437,89.62098162892947,86.78451600825179,1.621145913653414,0.6740368979845025,69.64497961713874,86.78451600825179
69.88448352676428,19.983106521899987,78.56274378109241,168.26797300680215,179.95934548020514,177.21307699730284,89.13429047999472,87.20995459221547,0.19726999681010152,19.277237502980768,68.41749979791274,87.20995459221547
53.93647786290219,167.44470325921142,87.54278103591885,176.81314934231727,179.3904934233248,177.2586998356405,89.1407058622894,87.16433175387778,0.34596663502856223,19.20614629918955,68.19589665030384,87.16433175387778
13.523160650416015,155.80919537687646,133.93908830973578,174.60677432654725,179.36340642403653,177.2586998356405,88.53119928561418,87.16433175387778,2.450120182517534,25.589205169036887,68.71782437159811,87.16433175387778
150.50641437026673,153.96997677657043,82.62024307170526,169.92810795387223,179.9657608624998,177.2586998356405,89.10207081790024,87.20296679826697,1.3377077801176458,22.267058988724504,68.75645941598731,87.20296679826697
159.8371252876642,151.21416552214743,72.97872884477206,163.85042946684734,177.44439975621984,174.9774088189464,87.66120421669109,89.24615166692922,4.857246904438297,21.67430503019396,72.93581943027573,89.24615166692922
163.5058527810687,161.49769483591044,72.73127696273862,153.71406262473388,177.44439975621984,173.84529377323562,87.54929853962489,89.9594222592537,5.289169580429816,18.447531820040155,74.14718247732736,89.9594222592537
163.49951703017388,163.3526675375371,71.73456482305507,152.14942478553766,177.978635059644,173.95162720607925,88.09084756700362,90.0,5.809213048088116,16.84949791484586,74.03045583715505,90.0
164.42306062441486,160.6909303760845,70.22126109325393,153.83734368372487,178.0021201435233,173.99498382248245,88.09084756700362,89.95664338359677,6.186483500682215,16.509277390365284,73.47420361007437,89.95664338359677
165.1878810735862,161.56505117707798,70.39774384851488,152.3116461088466,176.70740062552258,173.41404443971734,85.79406701659238,91.60140036411536,6.5236943924223105,16.054375270669315,74.3723608694973,91.60140036411536
168.15904867666868,160.20112364547506,68.48184116716595,152.33324270771564,176.73796652260324,173.41404443971734,85.79406701659238,91.60140036411536,7.0125272262712635,16.15385726189874,74.3723608694973,91.60140036411536
163.42088152233168,164.1676133795778,69.90476880809518,150.8323866204222,176.70040565796936,173.43699028531205,85.78707204903917,91.57845451852063,7.043901541125261,15.50130483879501,74.17036362099617,91.57845451852063
163.64855263831814,164.1676133795778,70.25316339457389,150.8323866204222,176.6761171017336,173.52673522346186,85.79406701659238,91.57845451852063,6.686577656348646,15.50130483879501,74.3723608694973,91.57845451852063
164.4210617429853,161.4052752958867,69.27444113443946,152.9044475062482,177.27368900609372,173.52673522346186,86.30861401354872,91.6935061299746,6.762421695984667,15.706518071289462,74.4874124809512,91.6935061299746
164.0156715255586,160.52726521560263,68.74949449286676,152.40270413135627,177.2408923413797,172.15456536007156,86.30861401354872,92.37447358065799,6.751715006362114,15.94923713043662,74.4874124809512,92.37447358065799
170.60453398043313,161.26728454036805,63.43494882292201,154.44003482817618,177.2408923413797,172.15456536007156,86.30861401354872,92.37447358065799,8.157199876396964,16.746225581419225,74.4874124809512,92.37447358065799
169.03661035367037,163.19645198061022,64.09349200048563,153.92464441605125,177.2408923413797,172.15456536007156,86.30861401354872,92.37447358065799,7.801383947726056,17.08142394061094,74.4874124809512,92.37447358065799
169.89070150750484,161.6851679392879,65.72555886556054,153.95989546449474,178.02506598911802,172.2354499327627,88.1523897340054,90.54565759341574,7.175819948185479,18.218167400800642,72.84162606995778,90.54565759341574
150.47132816552016,152.03982923980382,82.78342035786946,159.9703689914124,177.39546738070771,171.58455764041332,87.58049078334366,91.13885022801657,2.7152799253180793,19.97841059222847,72.78392641220933,91.13885022801657
147.3194452566366,154.91177849360608,82.87498365109819,165.7189042640292,177.4178923421901,171.5772429743592,89.37040139158974,89.35625428582462,1.7365234601075878,20.844059694703276,71.18811069748085,89.35625428582462
61.69924423399363,169.3116310495965,164.3423824420164,167.84533278804173,177.48160571317493,171.57009083614727,88.75463573323164,89.36340642403651,4.005518722898241,21.519727995046022,70.82099197418928,89.36340642403651
21.746405554916457,163.54503861708014,159.02913307846023,170.26607733780497,178.1314290213968,171.6639669610671,88.76802259736027,89.36340642403651,5.078558640495318,20.282741523529868,70.4633450618716,89.36340642403651
42.36756513101352,44.66537563096222,170.5376777919744,178.69804732742114,178.13842398894997,171.6639669610671,88.76802259736027,89.36340642403651,2.5257738873815105,18.374510259354665,69.91802251581925,89.36340642403651
56.16689765825223,176.71846235025737,96.00900595749454,174.1736579704442,178.76802259736027,172.88978153912737,88.76802259736027,88.72696997994328,2.3613746581756208,21.19852217032028,68.83874018317172,88.72696997994328
90.03654067075578,87.61405596961117,67.02043721871989,139.20424699484064,178.1523897340054,172.88978153912737,89.62119044839123,87.25816926555748,4.5866251459492755,14.079124173039833,67.57542255498201,87.25816926555748
91.76656961351314,68.19859051364818,66.88927675377931,115.55313855687783,178.17203175569497,172.78790057416043,89.64083247008082,87.2721540784389,5.017793744950504,9.741722094383858,67.77712796681479,87.2721540784389
86.39380944048933,132.0643265535788,76.11424073784941,114.18617895355439,179.4376969349554,174.532027695082,90.22604740494468,86.07835089383622,1.9836430722950071,14.082774951616177,66.97259336686768,86.07835089383622
86.18592516570965,170.86284898586132,75.56793706386408,116.45617173882547,179.39690880561946,174.41992244241155,93.87357911756412,84.26669540089956,2.853561871444017,18.233558511654262,66.36790880143026,84.26669540089956
82.99653066406351,174.9868862449642,83.95017262889438,96.3770412866387,179.51955769455577,174.47880395913722,95.42381725079456,86.37115258741744,3.9431929510369015,6.111343011546591,73.51405438308554,86.37115258741744
119.63790499867486,123.651275534945,82.52844082340764,107.81888891452277,179.54147930278842,171.63802453034546,95.42381725079456,87.58402194704584,1.8192491146251513,16.80559695843485,73.51405438308554,87.58402194704584
133.50885670792005,142.61246555325442,85.34936758977447,122.113301673173,175.8801040234492,173.35273547724174,94.76364169072617,88.79395122078003,5.18521403434507,23.347143419040517,72.64597536373867,88.79395122078003
131.02126823643886,157.821886924792,89.11650522179885,132.80812077486493,175.89490148683743,174.51934486532642,90.18972043082532,92.111104583984,9.11820754975851,26.481688036575374,75.22959198777971,92.111104583984
135.63518217604968,160.17621932908227,90.0,133.67802434046303,175.3027181347084,173.34791269847423,91.11943024379636,91.74684187705964,10.727514174044442,27.352443600599386,73.28061806842663,91.74684187705964
134.2094765926194,164.5243174402219,92.1274793792389,134.5378517185521,177.11804133113557,174.0033172411731,92.30502608973767,88.76419496829834,13.295976612808568,26.734843902169903,70.42370911593298,88.76419496829834
139.89909245378777,164.4692261222672,92.79695926822879,131.54034307704228,176.50360037314238,175.41070374372953,90.59410214984477,89.76225954070696,14.942030128037121,26.193893801250947,71.04308429599303,89.76225954070696
144.1623470457217,159.65763291124435,94.41651566822763,124.92110642511855,178.9779835012141,174.0033172411731,92.38594403038881,86.85504253530199,15.27030313983654,24.133444298432774,67.89055165624832,86.85504253530199
148.52941263881127,160.68931904718488,93.12655847965124,124.66612341405263,178.918807457831,174.0033172411731,90.22331204105612,88.40320023427995,15.871013884628947,23.654413953741685,68.92829275093749,88.40320023427995
154.77122061659156,161.82580799268695,93.22983909342246,122.23283959099302,176.9724169430111,174.4815439625034,90.82987010034886,88.42998035935051,15.893266636077367,23.073721156878936,68.09532158947229,88.42998035935051
156.9153510056521,165.6938490726686,93.52881815138338,121.05294048211829,176.9724169430111,174.31728462675858,90.86850514473801,88.45601321020246,15.893266636077367,22.596701620957298,67.5611402202133,88.45601321020246
157.07925605546555,168.94854297333455,95.46909497011194,120.01836742760909,176.9875831191923,175.05631134338535,89.45131727171247,89.2101824458054,17.304660708801123,21.56617024561405,68.4629693019366,89.2101824458054
156.57414310121152,170.64866096408696,96.11022138878464,118.79713074585203,177.00207058881725,174.91837787457885,89.42820481652679,89.24852447410808,18.313500262978735,21.217084713540867,68.68329807942257,89.24852447410808
154.79887635452494,172.46055486049067,98.9726266148964,118.4879282455943,178.98033638132802,175.05631134338535,87.42920467283643,90.63693054851268,20.03803496600565,21.26397159301993,70.38149283464651,90.63693054851268
154.99936064331163,172.4612664737591,99.82772401116311,117.60040436362291,178.98033638132802,175.01796931508267,88.85595277554371,89.24852447410808,20.41842551743132,20.53640858332677,69.17171582328433,89.24852447410808
156.0496217374615,173.6598082540901,99.8314569594821,118.73979529168801,178.98896136688882,175.01796931508267,88.85595277554371,89.24852447410808,21.069485897660808,20.489521703847704,69.17171582328433,89.24852447410808
156.0496217374615,174.27790696425498,99.8314569594821,118.44292862436333,178.98033638132802,175.01796931508267,88.85595277554371,89.24852447410808,21.069485897660808,20.854458039578358,69.17171582328433,89.24852447410808
156.0496217374615,174.69839839888212,99.8314569594821,117.546305867706,179.74858181087873,175.01796931508267,88.28335761206336,89.24852447410808,21.069485897660808,20.110398836689644,69.66381471246353,89.24852447410808
157.54531288283673,175.62668045615376,99.28743542228548,117.546305867706,179.73724060368062,175.01796931508267,86.84526830215799,90.67527257681536,20.371146209927012,20.110398836689644,71.09056281517081,90.67527257681536
158.4985656759521,176.56703463806608,98.4493920327122,118.38434925727927,179.73724060368062,174.91837787457885,86.84526830215799,90.67527257681536,20.371146209927012,20.4298505331141,71.09056281517081,90.67527257681536
158.4985656759521,177.51918163449292,98.4493920327122,118.38434925727927,179.71999841957486,174.91837787457885,86.84526830215799,90.67527257681536,20.371146209927012,20.4298505331141,71.09056281517081,90.67527257681536
156.68804716309566,178.14105269436502,99.30665775245329,118.66845823206219,178.47768613305962,174.81647004201255,86.28378536886447,90.67527257681536,21.0222065901565,20.062731809822523,71.37632493204734,90.67527257681536
156.5936432746581,177.80329060927582,98.611631880878,118.50621838389637,178.45184230102203,174.81647004201255,86.28378536886447,90.67527257681536,20.583596942169006,20.062731809822523,71.37632493204734,90.67527257681536
158.82426058289542,170.08584042552357,95.09292415457286,118.50621838389637,179.73133962677295,174.81647004201255,86.85660950935608,90.67527257681536,17.934656705462846,20.062731809822523,70.87703915951636,90.67527257681536
149.73432434907951,158.27234920039183,89.85308806680118,122.97772331381648,179.1477743875514,175.01796931508267,88.23346588148625,89.32179269441752,14.868135647548868,21.261000749831844,69.80915305767235,89.32179269441752
137.39081475960228,155.33132611917517,84.8726692809723,130.73338842713758,179.85623027309248,176.6255051531393,88.79595181830872,88.70831854367532,8.438049233973198,24.5175997006736,69.22201363840617,88.70831854367532
94.62966895083896,160.62734163242962,83.60936501006832,138.85007447247503,179.21655114506925,177.40442190295727,88.61008048838184,88.26326411385423,6.33308957699795,25.805204751467482,70.64658004085993,88.26326411385423
90.28224293627086,167.7285550945291,71.1546299769836,159.30222558483513,179.263934942679,178.70932558000428,90.2175990512975,86.06360011953842,1.8020016949209203,26.568791598766957,69.05789019219031,86.06360011953842
66.62583563495178,168.1234879731241,72.62574221635647,173.47081319035763,178.74838106896505,178.84166431672153,89.14725919401342,85.88155675018146,1.469459523836474,22.770707179852256,67.97023503843371,85.88155675018146
73.61045966596521,177.6140559696112,60.41851840295562,176.64303403853205,178.75463573323165,178.22416108062748,90.0,85.03025927188969,2.1816060421819343,19.94336523857953,68.09129517181808,85.03025927188969
35.272421448598394,176.2650828112325,88.93908830973577,176.8179919130743,178.1174634032681,177.12370039710623,87.75391638170808,87.23787168662119,0.09384500682931968,21.736705076237676,71.554599557436,87.23787168662119
163.4680693772532,159.71171206971647,70.24399900253542,170.10127820913456,178.13144821614952,177.04632599510316,87.75391638170808,87.23787168662119,3.071315515685349,22.475870736841678,71.554599557436,87.23787168662119
165.3490523597596,160.360676307635,68.28497219633498,165.00876515012584,177.4877563726231,177.04632599510316,87.66120421669109,87.33699923393283,6.376079070283568,22.303416803437116,72.93581943027573,87.33699923393283
169.8489939795961,155.35618035198152,66.20395943345164,161.996301588663,177.4551956201869,176.461695474398,86.18592516570965,90.0,7.227311865120007,21.972813265113146,75.935378238449,90.0
163.1808646997479,157.51622928416506,71.31392495858637,159.17703661403928,178.67891913550818,175.94047903385894,88.56409808778797,88.82992449713902,6.258447237007209,20.392007192250283,74.72647005737252,88.82992449713902
159.7702237423175,153.79589714588587,75.66937842722777,160.68465032811662,178.67891913550818,175.29835450528753,88.56409808778797,89.47204902571036,5.121253010796881,20.323334696752458,74.72647005737252,89.47204902571036
163.7571208973024,153.31120003151557,74.93875560710661,156.57654494418938,178.67891913550818,175.94047903385894,88.63457256579322,88.75945001913374,5.457225756075287,19.268432250320245,74.0962374150406,88.75945001913374
164.27907221417723,162.6299958248649,73.24973549497429,153.2211595930449,176.787931220825,174.6555824832777,87.26939702666336,90.19050895549447,5.8296164795038985,16.747865342154423,76.50170425795068,90.19050895549447
167.0643830207582,160.29470882844782,71.13543852325557,153.65156699503302,176.787931220825,173.31550479313958,87.26939702666336,90.84806637660472,6.554755221039082,16.626515713619256,76.50170425795068,90.84806637660472
168.1243125426584,158.74847909634545,69.17746470435814,157.79885900259944,176.76447393663295,173.21615097366993,87.27581240895803,90.86205118948624,6.908118624045468,17.63930094993673,76.65987865621958,90.86205118948624
170.0189019548264,160.14069285575056,67.25638626055313,157.82534803423655,176.67059781171318,172.58670437490497,87.19431064385365,91.57299955335549,7.337045830205592,17.54671332768224,77.30912520292418,91.57299955335549
168.73777424227643,160.7765428087248,68.02028472148312,157.82534803423655,176.63780114699918,172.58670437490497,87.19431064385365,91.57299955335549,6.981491478919187,17.54671332768224,77.30912520292418,91.57299955335549
169.98353067728237,162.68106156848523,65.96801568243235,158.27481545250913,175.94310657145957,171.97705681729553,87.26939702666336,91.49149778825114,7.40715237669806,17.896785017355654,76.50170425795068,91.49149778825114
169.56185967151927,163.2515059597013,65.3027825338129,159.6972174661871,176.60420643990616,171.97705681729553,87.35150031673224,91.41580988047696,7.317760815951343,18.36684229404407,76.0195410404375,91.41580988047696
173.22145295144338,155.5705718100924,63.7381874003567,165.0726399261713,176.6313857647045,171.36937707723877,87.41555941244283,91.34533540247168,6.54289776566987,20.284343124189792,75.21918508168295,91.34533540247168
176.101830504291,155.42779522781598,61.896936501628126,167.54430468780467,178.0021201435233,171.99882367600378,88.02506598911802,90.71588880370672,6.581727029713143,21.357265053239882,74.65599557936724,90.71588880370672
147.27183725242213,152.02052561151984,87.54696833907808,173.16610414842492,177.4155594124428,170.87481880092125,87.48134099032843,91.27255885703289,1.302294328578761,23.77915573279424,74.59021400148168,91.27255885703289
153.26288994219414,157.60538534776413,79.81337024005522,172.97055617215406,177.45990598215778,170.7637916653259,87.48134099032843,91.27955382458612,2.038480760305663,23.074253479338406,74.59021400148168,91.27955382458612
133.55890070787785,176.63102061934333,99.64205742034491,171.59596907320682,178.1174634032681,170.7637916653259,87.54288315733021,91.21801165758433,0.06360137834697716,22.200097950917666,73.96891367015326,91.21801165758433
115.62586023134241,173.14647253872386,110.6806913888171,174.63212697198924,178.1238787855627,171.376372044792,87.54929853962489,91.21101669003104,0.2660187318303413,22.014875974773847,74.14718247732736,91.21101669003104
6.646765523814394,171.08507304285214,126.56070798064222,178.97696981133217,176.91823065745123,171.78778404821855,88.19126067750793,89.37040139158974,2.630210357869262,22.123732790976085,71.9276778510405,89.37040139158974
33.644917196859794,173.11415066067437,108.56436791762576,173.24491879839613,176.95937164497852,173.0398359582762,87.58897025338877,88.74095479282472,2.995462771703312,22.711195768274184,70.30797876126347,88.74095479282472
43.645988235098265,167.97561752229834,96.70983680775693,174.68545433005525,176.95937164497852,173.6644018385838,87.58897025338877,88.74095479282472,2.1967545688435712,19.33410602207677,69.77514056883192,88.74095479282472
65.65891006330749,8.595911436920954,87.43622978853499,150.5583870033815,177.59193668400243,174.29354463814946,88.22853025996594,88.11181199325905,2.4447979215816846,8.458513461369959,69.12098311944257,88.11181199325905
61.29404745659891,119.2710469208559,88.2642954110716,142.80816099613605,177.59553475969898,176.64561686158376,89.61052267153138,84.94468648194581,2.944801961834451,15.096478279157662,67.13463814434917,84.94468648194581
60.06679141169856,163.04810575455306,91.34836780436507,141.7281620740396,178.16775070644388,176.56636963754949,90.21599211396975,84.91143298625235,6.063285609269285,18.146972773299062,66.90228223338616,84.91143298625235
63.49270664560871,139.67137803534956,89.02335100289086,129.9523114970846,178.75828240512385,175.83807268447305,87.9772466011887,87.74071019771338,5.947328137881568,22.377201921035912,69.32264784041297,87.74071019771338
79.0942902541173,135.87467677112133,87.24477821122773,121.31825245104702,179.33006117432382,176.10919865804587,90.60309119438054,86.9225446005756,6.6100725229144235,23.226580633313645,70.30797876126347,86.9225446005756
93.17548310879461,144.24317060778802,86.04779793522842,125.79726028136227,179.33006117432382,175.4945599345383,90.60309119438054,87.53718332408314,6.926399282322521,22.558440844124654,70.84438755456033,87.53718332408314
115.39173208849144,149.54584188628002,86.04557592194095,128.6655070584788,179.9187198376949,175.54861891556098,89.35843851322537,89.33073460905507,7.472566805228497,23.83166728507932,72.50328099387343,89.33073460905507
130.1354855622395,150.30613897408986,86.87518767136363,129.9947099744804,179.9187198376949,174.83791184957082,89.4161381709739,89.27303495130656,7.556910328822813,24.464727153123995,71.90474549439062,89.27303495130656
137.05764594694827,152.65012421993012,87.39928235932796,128.41805534482197,179.25353972982032,176.72651448451234,89.52136446132367,87.91240070851643,8.10224830700023,23.501313423375098,70.72890758726408,87.91240070851643
136.5368351684265,156.24632241744854,87.91013394181846,130.3058919881386,179.23111476833796,176.8458180929118,89.52136446132367,87.8706094836059,9.28709290646822,23.811275454371838,70.72890758726408,87.8706094836059
139.80194100287815,158.76895062701533,89.34374243674479,129.86560931086433,179.8338053116101,174.96062087096516,90.07303473356367,88.55587446906412,10.626002608171499,23.482222211006164,70.77992785829622,88.55587446906412
145.85157601601978,162.95096902789018,90.45835645800044,129.26090150191038,179.23111476833796,175.04972776570827,89.52136446132367,88.50485419803204,11.285317361895883,22.653479364549334,70.72890758726408,88.50485419803204
147.652556500558,165.46005219980376,90.00000000000001,128.32259782195877,179.84560214378345,175.43187684612207,89.55691238236533,88.52573638812595,13.218212198610878,23.027568953089144,70.3569726139213,88.52573638812595
151.69431768374668,164.13154243427422,90.33884205756026,125.06455773909127,179.50908828453845,175.19146514221575,91.18118891332664,86.955221555806,14.072351039250892,23.070524526903974,68.60710964801855,86.955221555806
154.46719351448775,164.81881129399417,92.47724058620409,121.71311737647406,178.24659513992847,175.19146514221575,91.75340486007156,86.955221555806,14.50609836318417,22.152912926225163,67.7965214679426,86.955221555806
157.39039644646593,164.67390797337927,92.61590386706554,119.43670437010371,176.9875831191923,175.19146514221575,90.76556479884624,88.50337925478397,14.50609836318417,21.01694911009672,68.84531557576514,88.50337925478397
160.51411021601731,165.14530107038493,92.75040075503055,118.39998632060855,177.56560102808814,175.79890947832808,90.26690387454256,87.81657793407942,14.23894819813281,20.303122585602978,68.27021020073767,87.81657793407942
162.4944310249197,166.18781270557042,92.75040075503055,118.0809708003816,178.2642954110716,175.79890947832808,90.26690387454256,87.81657793407942,14.23894819813281,20.649958646825528,68.27021020073767,87.81657793407942
163.676953770944,168.3710520057529,92.563770211465,118.0809708003816,178.24659513992847,175.79890947832808,90.28460414568572,87.81657793407942,14.510394850649483,20.649958646825528,68.05668654508315,87.81657793407942
163.76295757833077,169.7767797010217,92.563770211465,117.77176830012388,178.2642954110716,175.83807268447305,88.80003114250722,89.24428745996988,14.510394850649483,20.692305852354103,69.52355927711847,89.24428745996988
164.8566350149778,169.28242093588082,91.80559751147317,117.46167393373534,178.28164199834455,176.2707067121436,88.85595277554371,88.6482267033777,15.070669858505438,20.268916154136804,69.17171582328433,88.6482267033777
164.92562448135126,170.48397979503184,90.97492270941093,118.58921540312227,178.98033638132802,176.3608652207558,88.85595277554371,88.6482267033777,15.070669858505438,20.2258689950591,69.17171582328433,88.6482267033777
164.0242176744246,171.14603524155163,92.02261629509653,117.24943920038126,179.00596476321815,176.2269647142517,88.83894937921438,88.69196870126962,15.780019723219697,20.110398836689644,69.38500533401879,88.69196870126962
164.09087940061443,171.14603524155163,92.02261629509653,117.24943920038126,178.99733977765734,176.09188099197695,88.83894937921438,88.7348135236,15.780019723219697,20.110398836689644,69.38500533401879,88.7348135236
163.25992604100372,171.14603524155163,92.91801932326462,117.24943920038126,179.72612168677904,176.77128270811454,88.33060034836215,88.07794784700832,16.48206393122919,19.829987371247956,69.52499755565634,88.07794784700832
162.4332455882124,172.53902917116866,93.66075876106136,117.3957259791402,179.69566975554815,176.77128270811454,88.82227909178455,88.1476507074068,17.17670724256586,19.829987371247956,69.59470041605476,88.1476507074068
162.64772841281527,172.53902917116866,93.44627593645849,117.3957259791402,179.69566975554815,176.77128270811454,88.82227909178455,88.1476507074068,17.490903485406804,19.829987371247956,69.59470041605476,88.1476507074068
162.64772841281527,173.49196490607324,93.44627593645849,117.3957259791402,179.67899946811832,176.77128270811454,90.26925842116148,86.71734166545968,17.22974046080072,19.829987371247956,68.16439137410765,86.71734166545968
159.98081536744374,173.9074181222302,95.1790182128533,117.3957259791402,179.6625729262768,176.82016988013578,88.83894937921438,88.09876353538556,18.596496645335765,19.523012003348583,69.38500533401879,88.09876353538556
160.84380606043143,174.86132434698038,94.46231429862455,117.24943920038126,179.08901314208978,175.53168026559075,88.27201640486527,88.7348135236,18.16595652922554,19.523012003348583,69.87368842403112,88.7348135236
