NOSE_x,NOSE_y,NOSE_z,LEFT_EYE_INNER_x,LEFT_EYE_INNER_y,LEFT_EYE_INNER_z,LEFT_EYE_x,LEFT_EYE_y,LEFT_EYE_z,LEFT_EYE_OUTER_x,LEFT_EYE_OUTER_y,LEFT_EYE_OUTER_z,RIGHT_EYE_INNER_x,RIGHT_EYE_INNER_y,RIGHT_EYE_INNER_z,RIGHT_EYE_x,RIGHT_EYE_y,RIGHT_EYE_z,RIGHT_EYE_OUTER_x,RIGHT_EYE_OUTER_y,RIGHT_EYE_OUTER_z,LEFT_EAR_x,LEFT_EAR_y,LEFT_EAR_z,RIGHT_EAR_x,RIGHT_EAR_y,RIGHT_EAR_z,MOUTH_LEFT_x,MOUTH_LEFT_y,MOUTH_LEFT_z,MOUTH_RIGHT_x,MOUTH_RIGHT_y,MOUTH_RIGHT_z,LEFT_SHOULDER_x,LEFT_SHOULDER_y,LEFT_SHOULDER_z,RIGHT_SHOULDER_x,RIGHT_SHOULDER_y,RIGHT_SHOULDER_z,LEFT_ELBOW_x,LEFT_ELBOW_y,LEFT_ELBOW_z,RIGHT_ELBOW_x,RIGHT_ELBOW_y,RIGHT_ELBOW_z,LEFT_WRIST_x,LEFT_WRIST_y,LEFT_WRIST_z,RIGHT_WRIST_x,RIGHT_WRIST_y,RIGHT_WRIST_z,LEFT_PINKY_x,LEFT_PINKY_y,LEFT_PINKY_z,RIGHT_PINKY_x,RIGHT_PINKY_y,RIGHT_PINKY_z,LEFT_INDEX_x,LEFT_INDEX_y,LEFT_INDEX_z,RIGHT_INDEX_x,RIGHT_INDEX_y,RIGHT_INDEX_z,LEFT_THUMB_x,LEFT_THUMB_y,LEFT_THUMB_z,RIGHT_THUMB_x,RIGHT_THUMB_y,RIGHT_THUMB_z,LEFT_HIP_x,LEFT_HIP_y,LEFT_HIP_z,RIGHT_HIP_x,RIGHT_HIP_y,RIGHT_HIP_z,LEFT_KNEE_x,LEFT_KNEE_y,LEFT_KNEE_z,RIGHT_KNEE_x,RIGHT_KNEE_y,RIGHT_KNEE_z,LEFT_ANKLE_x,LEFT_ANKLE_y,LEFT_ANKLE_z,RIGHT_ANKLE_x,RIGHT_ANKLE_y,RIGHT_ANKLE_z,LEFT_HEEL_x,LEFT_HEEL_y,LEFT_HEEL_z,RIGHT_HEEL_x,RIGHT_HEEL_y,RIGHT_HEEL_z,LEFT_FOOT_INDEX_x,LEFT_FOOT_INDEX_y,LEFT_FOOT_INDEX_z,RIGHT_FOOT_INDEX_x,RIGHT_FOOT_INDEX_y,RIGHT_FOOT_INDEX_z
-168,714,-0.2583627998828888,-162,704,-0.3026021718978882,-162,703,-0.3021172285079956,-163,702,-0.3016509711742401,-161,710,-0.29386502504348755,-162,713,-0.29325875639915466,-162,716,-0.29305821657180786,-183,712,-0.35731810331344604,-180,734,-0.31647825241088867,-182,725,-0.24641625583171844,-182,731,-0.23664505779743195,-235,762,-0.3795098066329956,-210,804,-0.15275084972381592,-179,748,-0.3864285945892334,-121,670,-0.18466800451278687,-152,692,-0.3527473509311676,-9,616,-0.25604745745658875,-159,678,-0.39427947998046875,17,619,-0.2887251675128937,-140,678,-0.4031945765018463,11,605,-0.32389116287231445,-134,688,-0.3531239330768585,-3,600,-0.2753242552280426,-475,988,-0.12542112171649933,-458,1033,0.12637512385845184,-302,823,-0.0054491679184138775,-279,847,0.2185327708721161,-206,751,0.4658125042915344,-156,766,0.6392581462860107,-201,746,0.49460819363594055,-159,758,0.6763376593589783,-150,703,0.2669162154197693,-77,685,0.5441094040870667
-215,869,-0.285087913274765,-203,865,-0.30973613262176514,-202,867,-0.30936017632484436,-201,868,-0.3089854419231415,-209,862,-0.30263933539390564,-211,862,-0.3021208345890045,-213,861,-0.3020816445350647,-213,879,-0.3209671378135681,-229,869,-0.28272315859794617,-227,881,-0.2563430666923523,-232,878,-0.24721857905387878,-252,951,-0.3404722511768341,-300,891,-0.16157419979572296,-237,976,-0.37979647517204285,-221,786,-0.26186496019363403,-246,938,-0.3577377498149872,-103,771,-0.267758309841156,-261,929,-0.39603909850120544,-77,779,-0.30517926812171936,-245,922,-0.41313156485557556,-76,770,-0.32389262318611145,-237,927,-0.36435312032699585,-89,763,-0.28170427680015564,-494,1151,-0.11660829186439514,-529,1131,0.11760193854570389,-305,1014,-0.2028578817844391,-342,967,0.09632669389247894,-318,987,0.341735303401947,-273,996,0.4969397485256195,-333,986,0.3743413984775543,-279,1009,0.5273944139480591,-299,964,0.1467226892709732,-244,937,0.40251195430755615
-253,1024,-0.35268789529800415,-240,1018,-0.3396916389465332,-237,1021,-0.33934202790260315,-234,1025,-0.33898574113845825,-249,1009,-0.35182008147239685,-253,1006,-0.35138392448425293,-256,1003,-0.3515145778656006,-240,1037,-0.23606808483600616,-270,1007,-0.2787869870662689,-260,1042,-0.28201350569725037,-270,1032,-0.2974892854690552,-259,1133,-0.22212153673171997,-335,1019,-0.2127806842327118,-228,1145,-0.3400791883468628,-235,940,-0.33676227927207947,-217,1061,-0.3574259579181671,-108,929,-0.2935350835323334,-228,1039,-0.39258772134780884,-81,934,-0.3431383967399597,-211,1027,-0.41145387291908264,-82,927,-0.3280521035194397,-203,1036,-0.3645968437194824,-94,925,-0.2963014245033264,-500,1298,-0.09337075799703598,-558,1242,0.09450384229421616,-324,1155,-0.3124758303165436,-422,1055,-0.10516804456710815,-395,1158,0.16513586044311523,-373,1151,0.24510735273361206,-414,1160,0.19248832762241364,-373,1172,0.26841965317726135,-408,1160,-0.03995196148753166,-387,1111,0.11987731605768204
-286,1213,-0.4122706353664398,-263,1205,-0.36263322830200195,-259,1211,-0.36225807666778564,-254,1218,-0.3616774082183838,-276,1187,-0.3806249797344208,-280,1180,-0.380147784948349,-284,1173,-0.38007980585098267,-255,1228,-0.1276766061782837,-296,1169,-0.19880472123622894,-292,1235,-0.30001476407051086,-307,1213,-0.32305264472961426,-284,1311,-0.12054064124822617,-356,1176,-0.20342500507831573,-220,1251,-0.2615026831626892,-199,1093,-0.40370500087738037,-186,1091,-0.2479783445596695,7,1064,-0.32099223136901855,-186,1049,-0.2976582944393158,50,1067,-0.404409259557724,-173,1041,-0.291681170463562,49,1062,-0.34900182485580444,-174,1056,-0.2558324635028839,32,1064,-0.3152547776699066,-530,1468,-0.08865568041801453,-598,1395,0.09034611284732819,-347,1322,-0.40389910340309143,-529,1183,-0.26277956366539,-449,1330,0.018254926428198814,-485,1251,0.044496841728687286,-477,1330,0.04113813489675522,-489,1265,0.06452292203903198,-462,1350,-0.2223484218120575,-503,1198,-0.11431840807199478
-250,820,-0.21236106753349304,-247,812,-0.2617710530757904,-247,809,-0.2612972855567932,-247,806,-0.26088252663612366,-246,822,-0.2239311933517456,-245,827,-0.22338441014289856,-244,831,-0.22345960140228271,-256,815,-0.4055887460708618,-248,851,-0.22536450624465942,-256,827,-0.24742262065410614,-255,839,-0.19669653475284576,-276,846,-0.4732844829559326,-244,904,-0.09416425228118896,-255,790,-0.5490509271621704,-180,699,-0.0776195228099823,-289,732,-0.47235167026519775,-41,578,-0.20504848659038544,-311,718,-0.5052931904792786,1,567,-0.24298711121082306,-290,721,-0.49081748723983765,-1,547,-0.27348288893699646,-280,731,-0.45721420645713806,-21,548,-0.22384153306484222,-440,1065,-0.12304888665676117,-423,1104,0.12406419217586517,-337,887,0.07373793423175812,-312,883,0.17770449817180634,-234,767,0.4486483037471771,-165,752,0.5661558508872986,-220,754,0.47145792841911316,-157,741,0.5961357951164246,-196,714,0.21758417785167694,-90,676,0.4143172800540924
-404,987,-0.35732272267341614,-395,987,-0.40852198004722595,-392,987,-0.40809717774391174,-389,988,-0.40785539150238037,-401,989,-0.3676232099533081,-402,990,-0.36720237135887146,-403,992,-0.36752331256866455,-379,997,-0.5382603406906128,-401,999,-0.33907389640808105,-400,993,-0.3794735372066498,-405,995,-0.3236443102359772,-352,1022,-0.5780585408210754,-381,996,-0.2197670042514801,-311,1018,-0.630777895450592,-330,821,-0.14965808391571045,-358,986,-0.5900144577026367,-237,764,-0.22075432538986206,-384,987,-0.6419848799705505,-218,763,-0.26835647225379944,-369,970,-0.6412402391433716,-210,758,-0.29885584115982056,-355,974,-0.5853014588356018,-222,756,-0.24000632762908936,-504,1180,-0.14767086505889893,-513,1174,0.14862295985221863,-401,1005,-0.03988688811659813,-395,958,0.1773732304573059,-395,1002,0.5049826502799988,-335,975,0.6855837106704712,-397,1017,0.5458644032478333,-330,989,0.7331259846687317,-382,955,0.4009999632835388,-320,929,0.7139285206794739
-398,1050,-0.3479490280151367,-385,1043,-0.3826262056827545,-381,1045,-0.3821440637111664,-377,1046,-0.38179492950439453,-392,1041,-0.3463863730430603,-394,1041,-0.3458850383758545,-395,1041,-0.34590497612953186,-370,1058,-0.4879415035247803,-394,1051,-0.3295291066169739,-396,1065,-0.3493185043334961,-404,1062,-0.29933714866638184,-360,1114,-0.5106011033058167,-384,1075,-0.19105114042758942,-326,1125,-0.6064047813415527,-286,916,-0.1522676795721054,-363,1082,-0.5774218440055847,-157,861,-0.22016003727912903,-390,1076,-0.5962456464767456,-125,863,-0.2665625214576721,-371,1063,-0.6359677910804749,-121,855,-0.27691471576690674,-358,1068,-0.5732746720314026,-138,851,-0.2340756356716156,-526,1276,-0.1513330638408661,-545,1279,0.15211209654808044,-386,1081,-0.19623583555221558,-389,1048,0.06476704031229019,-364,1058,0.3485967814922333,-305,1055,0.5121214389801025,-368,1067,0.38731834292411804,-304,1062,0.5484940409660339,-343,1013,0.20959731936454773,-266,1003,0.5260783433914185
-364,1187,-0.4129905104637146,-350,1179,-0.42107683420181274,-347,1183,-0.4206044673919678,-344,1187,-0.4201669692993164,-357,1169,-0.4108777642250061,-358,1166,-0.4103355407714844,-360,1163,-0.4103275537490845,-344,1197,-0.3767808973789215,-361,1163,-0.3098032474517822,-363,1205,-0.3600243031978607,-372,1194,-0.34388959407806396,-345,1280,-0.3587677776813507,-382,1175,-0.24144363403320312,-300,1318,-0.449359655380249,-282,1113,-0.3343309164047241,-269,1278,-0.41335195302963257,-69,1092,-0.2821407914161682,-278,1268,-0.4358106851577759,-22,1096,-0.35267341136932373,-263,1253,-0.48855748772621155,-26,1085,-0.3122950792312622,-257,1254,-0.430316299200058,-43,1085,-0.27714818716049194,-510,1443,-0.13539521396160126,-565,1403,0.13651642203330994,-357,1259,-0.35395798087120056,-423,1174,-0.13590265810489655,-360,1224,0.12477115541696548,-300,1209,0.21860358119010925,-371,1223,0.1554621458053589,-294,1214,0.24375779926776886,-359,1203,-0.09733311086893082,-266,1172,0.09634808450937271
-329,1282,-0.4056738317012787,-307,1267,-0.3921785354614258,-301,1271,-0.3918018937110901,-296,1274,-0.39142486453056335,-324,1257,-0.4052109122276306,-332,1253,-0.40470775961875916,-341,1249,-0.40477725863456726,-296,1281,-0.17949411273002625,-356,1246,-0.2959950268268585,-329,1303,-0.3568724989891052,-356,1291,-0.33951666951179504,-290,1384,-0.08477958291769028,-381,1275,-0.3430878520011902,-206,1413,-0.14843210577964783,-244,1287,-0.5071813464164734,-117,1358,-0.22887003421783447,-15,1271,-0.41955941915512085,-103,1342,-0.26878654956817627,33,1271,-0.5261752605438232,-99,1327,-0.32866179943084717,31,1260,-0.45876574516296387,-103,1330,-0.26307645440101624,13,1262,-0.4088076651096344,-511,1596,-0.05706147477030754,-592,1523,0.06026899069547653,-382,1486,-0.3596508502960205,-549,1315,-0.33017420768737793,-479,1594,0.12441194802522659,-444,1439,0.0352199524641037,-499,1607,0.15694266557693481,-428,1455,0.06523867696523666,-521,1622,-0.13600251078605652,-450,1433,-0.14210374653339386
-190,835,-0.2385789155960083,-189,830,-0.29018378257751465,-191,826,-0.289724737405777,-192,822,-0.28929805755615234,-189,843,-0.26957711577415466,-190,848,-0.2690390944480896,-191,853,-0.26909250020980835,-211,826,-0.4101877212524414,-205,871,-0.3065328001976013,-202,834,-0.25731608271598816,-200,849,-0.22906477749347687,-250,840,-0.4523051083087921,-217,906,-0.1725529134273529,-213,802,-0.45677316188812256,-137,683,-0.20692503452301025,-247,751,-0.42449048161506653,24,567,-0.28339624404907227,-273,739,-0.4587741494178772,70,562,-0.30938446521759033,-251,742,-0.4403090178966522,68,541,-0.33108946681022644,-239,751,-0.4096893072128296,47,538,-0.29545530676841736,-425,1055,-0.10945600271224976,-403,1109,0.11071332544088364,-328,896,0.11235323548316956,-287,925,0.21615822613239288,-258,842,0.5889316201210022,-178,837,0.6619725227355957,-250,842,0.6200812458992004,-176,832,0.701382040977478,-230,789,0.42133477330207825,-120,758,0.5832414031028748
-413,998,-0.3387690484523773,-410,992,-0.3955800235271454,-408,991,-0.39505735039711,-407,990,-0.3948325514793396,-413,998,-0.3620021343231201,-413,1000,-0.3615443706512451,-413,1003,-0.3616308271884918,-403,995,-0.5375202894210815,-413,1011,-0.36891359090805054,-409,1002,-0.3620961308479309,-412,1008,-0.315607488155365,-380,1019,-0.5698429942131042,-371,1017,-0.2541837692260742,-301,1035,-0.5927525758743286,-273,819,-0.2134811282157898,-334,998,-0.5281283259391785,-134,739,-0.28610312938690186,-363,996,-0.5694149732589722,-104,738,-0.34031185507774353,-344,983,-0.5669603943824768,-97,727,-0.3535849153995514,-328,988,-0.5201840400695801,-114,724,-0.2993778884410858,-519,1161,-0.13163244724273682,-508,1179,0.1324704885482788,-382,992,0.004952994640916586,-378,973,0.1695985198020935,-348,982,0.592570424079895,-282,973,0.6982474327087402,-349,995,0.6333637237548828,-275,981,0.7471264600753784,-315,935,0.472969114780426,-244,921,0.7022494077682495
-421,1057,-0.32383376359939575,-411,1050,-0.37036290764808655,-408,1051,-0.3698226511478424,-405,1052,-0.36948782205581665,-418,1051,-0.33848175406455994,-419,1052,-0.3379889130592346,-419,1053,-0.33804965019226074,-399,1061,-0.5181546807289124,-419,1062,-0.27624407410621643,-416,1067,-0.3378324508666992,-423,1068,-0.2944524884223938,-384,1106,-0.5398924946784973,-385,1081,-0.178623229265213,-316,1120,-0.5752518773078918,-251,886,-0.16123878955841064,-336,1087,-0.5191289186477661,-93,815,-0.25152507424354553,-363,1083,-0.5512902140617371,-56,816,-0.31912094354629517,-341,1073,-0.5526168942451477,-48,807,-0.3075626492500305,-327,1078,-0.5122784972190857,-66,802,-0.26082947850227356,-543,1253,-0.153896763920784,-549,1268,0.1546476036310196,-370,1071,-0.15238067507743835,-382,1036,0.05524773150682449,-340,1039,0.4371129870414734,-276,1043,0.5691620111465454,-342,1045,0.4793829619884491,-270,1049,0.6097208857536316,-310,997,0.27209100127220154,-230,996,0.5209177732467651
-424,1146,-0.448814332485199,-408,1139,-0.4846726953983307,-405,1142,-0.484134316444397,-402,1145,-0.48369234800338745,-415,1134,-0.4711066782474518,-416,1133,-0.47062745690345764,-417,1132,-0.47063517570495605,-395,1155,-0.509781539440155,-417,1137,-0.41718846559524536,-422,1160,-0.4182465374469757,-429,1154,-0.40046772360801697,-381,1212,-0.5245658159255981,-415,1157,-0.2989519238471985,-311,1260,-0.5835776329040527,-269,1101,-0.31756356358528137,-319,1221,-0.5484532117843628,-123,1083,-0.3442528545856476,-349,1213,-0.5870882868766785,-92,1086,-0.4331476092338562,-340,1197,-0.6196796298027039,-91,1077,-0.4126721918582916,-317,1202,-0.5578818917274475,-106,1075,-0.34858354926109314,-564,1368,-0.15395620465278625,-599,1354,0.15477630496025085,-376,1195,-0.30719178915023804,-436,1118,-0.10625110566616058,-349,1180,0.21741169691085815,-287,1174,0.32882818579673767,-345,1179,0.2540033757686615,-270,1179,0.3622601628303528,-341,1174,0.011351975612342358,-256,1147,0.22648712992668152
-191,701,-0.38871854543685913,-186,687,-0.4489654004573822,-188,685,-0.44829773902893066,-190,683,-0.44752973318099976,-183,695,-0.4449436068534851,-182,698,-0.4441807270050049,-181,702,-0.4438418745994568,-213,692,-0.5089284181594849,-197,723,-0.4908810555934906,-207,712,-0.37590619921684265,-203,722,-0.3723810017108917,-273,736,-0.4436708986759186,-237,801,-0.32091954350471497,-176,621,-0.44661852717399597,-118,630,-0.39043721556663513,-133,579,-0.41769739985466003,-1,555,-0.5285865068435669,-133,564,-0.4711545407772064,34,554,-0.5848873257637024,-127,577,-0.493803471326828,16,538,-0.6182474493980408,-123,587,-0.42769208550453186,0,535,-0.5466298460960388,-525,970,-0.06172826141119003,-513,1025,0.06273193657398224,-318,764,0.014717943966388702,-325,796,0.03503565490245819,-118,583,0.3153687119483948,-125,635,0.4117564558982849,-113,557,0.3169563114643097,-129,607,0.43948596715927124,0,513,-0.08214075863361359,13,551,0.16547709703445435
-261,765,-0.22176030278205872,-254,755,-0.27545106410980225,-255,753,-0.274944007396698,-256,752,-0.2745521366596222,-253,761,-0.2697864770889282,-253,764,-0.26924043893814087,-253,767,-0.26910287141799927,-269,760,-0.3615551292896271,-264,782,-0.3323954939842224,-274,774,-0.21677953004837036,-271,781,-0.2116159051656723,-314,817,-0.3782240152359009,-297,846,-0.1999269425868988,-266,861,-0.35576575994491577,-210,760,-0.25660860538482666,-228,847,-0.3425201177597046,-74,751,-0.3417028784751892,-236,839,-0.37917560338974,-43,763,-0.393159955739975,-214,840,-0.4174621105194092,-48,747,-0.41767528653144836,-207,847,-0.3558008670806885,-64,737,-0.35853201150894165,-583,1038,-0.12186165153980255,-574,1078,0.12282455712556839,-397,895,-0.11214761435985565,-381,913,0.206645667552948,-369,879,0.37512534856796265,-299,920,0.6229153871536255,-373,883,0.4058753550052643,-304,927,0.656049907207489,-334,838,0.1480102837085724,-243,863,0.5008710026741028
-257,806,-0.24482233822345734,-245,797,-0.27481135725975037,-245,798,-0.27447378635406494,-244,799,-0.27407416701316833,-248,793,-0.2819293141365051,-250,792,-0.28131532669067383,-251,791,-0.2810850441455841,-259,806,-0.2497645616531372,-267,797,-0.2818930447101593,-273,819,-0.2059614509344101,-276,816,-0.21623972058296204,-315,878,-0.2643499970436096,-341,850,-0.16591474413871765,-299,911,-0.25261378288269043,-246,817,-0.24073444306850433,-300,865,-0.24195487797260284,-146,790,-0.2365073412656784,-312,854,-0.2778882384300232,-123,795,-0.2782844007015228,-295,847,-0.302258163690567,-128,779,-0.30237194895744324,-287,854,-0.25304585695266724,-140,774,-0.25312259793281555,-597,1112,-0.11616271734237671,-629,1104,0.11715078353881836,-388,974,-0.15359920263290405,-427,925,0.16010142862796783,-342,905,0.3525007367134094,-304,927,0.5515522956848145,-352,892,0.4022435247898102,-306,931,0.581689715385437,-293,891,0.061151571571826935,-241,865,0.3547287583351135
-251,994,-0.2661270499229431,-242,981,-0.25595200061798096,-242,984,-0.25567981600761414,-242,986,-0.25529369711875916,-245,971,-0.30530697107315063,-247,967,-0.3047935962677002,-249,962,-0.3047630786895752,-260,984,-0.07637003809213638,-270,954,-0.327267587184906,-267,1007,-0.18454208970069885,-270,996,-0.24881060421466827,-314,1074,-0.014595156535506248,-351,960,-0.31250038743019104,-272,1071,0.010684646666049957,-207,908,-0.48906153440475464,-257,987,-0.09701720625162125,-123,865,-0.3410376012325287,-267,962,-0.13589097559452057,-105,863,-0.3582542836666107,-285,956,-0.17373761534690857,-85,854,-0.4208170175552368,-260,963,-0.12177007645368576,-91,856,-0.36159655451774597,-603,1278,-0.0463845320045948,-668,1229,0.047961678355932236,-392,1160,-0.1774958372116089,-592,1094,-0.14521296322345734,-502,1220,0.34979403018951416,-544,1241,0.28811872005462646,-533,1222,0.38266000151634216,-542,1266,0.31944507360458374,-525,1257,0.1064777746796608,-575,1203,0.12341443449258804
-299,1168,-0.47383031249046326,-277,1159,-0.40829652547836304,-274,1164,-0.4079835116863251,-271,1169,-0.4070765972137451,-288,1142,-0.43948912620544434,-292,1136,-0.4390776455402374,-296,1129,-0.4390473961830139,-280,1174,-0.17626231908798218,-313,1123,-0.28080880641937256,-311,1187,-0.33612796664237976,-324,1168,-0.376923531293869,-331,1245,-0.17771394550800323,-399,1127,-0.25861096382141113,-257,1085,-0.15603625774383545,-203,1023,-0.46029046177864075,-252,890,-0.29278019070625305,-115,929,-0.3771854341030121,-248,844,-0.4054781496524811,-79,920,-0.4018218219280243,-266,843,-0.36530086398124695,-41,910,-0.4554615020751953,-251,860,-0.3039877116680145,-49,916,-0.39308637380599976,-627,1440,-0.053210966289043427,-702,1364,0.05544658005237579,-397,1307,-0.4083823263645172,-646,1148,-0.3697553873062134,-509,1344,0.08561869710683823,-584,1273,0.06611091643571854,-545,1345,0.11392155289649963,-577,1291,0.0996951162815094,-512,1386,-0.19302216172218323,-608,1237,-0.11987881362438202
-198,775,-0.2651529908180237,-194,763,-0.30802637338638306,-195,761,-0.307634174823761,-197,759,-0.30740445852279663,-194,771,-0.3005514144897461,-195,774,-0.3000516891479492,-196,777,-0.2999676465988159,-221,765,-0.3723216950893402,-218,793,-0.3333832919597626,-214,782,-0.257836252450943,-214,790,-0.2488890439271927,-273,813,-0.3948357403278351,-248,852,-0.1800280064344406,-212,804,-0.37438464164733887,-145,689,-0.22362196445465088,-185,758,-0.3369055688381195,-5,621,-0.2839028239250183,-193,746,-0.3662457764148712,28,622,-0.3095858097076416,-172,746,-0.37674227356910706,25,606,-0.3356623947620392,-166,755,-0.336245059967041,7,600,-0.3000933825969696,-505,1042,-0.12122569978237152,-489,1083,0.12194027006626129,-337,909,0.06003088504076004,-310,936,0.2779058516025543,-276,883,0.6129163503646851,-200,879,0.7602263689041138,-271,889,0.6499227285385132,-202,877,0.802679181098938,-240,832,0.4574258029460907,-138,799,0.7017837166786194
-268,929,-0.26473256945610046,-257,926,-0.30327311158180237,-256,927,-0.3029118478298187,-254,928,-0.30264875292778015,-263,926,-0.28435835242271423,-265,927,-0.283840149641037,-267,927,-0.28385570645332336,-264,940,-0.3543313443660736,-281,938,-0.24102509021759033,-278,938,-0.256839394569397,-283,938,-0.23338763415813446,-292,1004,-0.39480164647102356,-332,951,-0.1509004831314087,-253,1016,-0.4758854806423187,-217,804,-0.23969107866287231,-245,990,-0.48417267203330994,-51,776,-0.3206377625465393,-259,988,-0.5219977498054504,-14,787,-0.36610549688339233,-240,983,-0.5366014242172241,-8,776,-0.3636150062084198,-232,986,-0.48876214027404785,-25,767,-0.3314851224422455,-533,1209,-0.1304653137922287,-567,1191,0.13139396905899048,-354,1066,-0.18370211124420166,-398,992,0.045933354645967484,-348,1022,0.3827945590019226,-296,1023,0.5297369360923767,-357,1021,0.4171556830406189,-292,1033,0.5663333535194397,-324,993,0.16015736758708954,-260,977,0.42363372445106506
-302,1106,-0.3825199604034424,-289,1099,-0.3607293665409088,-286,1104,-0.36020714044570923,-283,1108,-0.35976356267929077,-299,1089,-0.37043488025665283,-302,1086,-0.36983686685562134,-305,1083,-0.36982837319374084,-285,1125,-0.23844793438911438,-316,1089,-0.25559961795806885,-305,1129,-0.3033447861671448,-316,1117,-0.3151955306529999,-291,1237,-0.22421400249004364,-365,1101,-0.2447856068611145,-245,1244,-0.39768150448799133,-208,993,-0.4544535279273987,-242,1144,-0.4699733853340149,-35,974,-0.44378194212913513,-254,1116,-0.51488196849823,16,976,-0.5286996960639954,-234,1104,-0.5341251492500305,14,969,-0.4692966341972351,-224,1113,-0.46772411465644836,-3,970,-0.4361302852630615,-534,1404,-0.1080801710486412,-596,1338,0.10955071449279785,-358,1228,-0.3417198061943054,-450,1094,-0.17584790289402008,-391,1176,0.19317591190338135,-353,1157,0.24579265713691711,-407,1169,0.22581009566783905,-349,1170,0.2767203748226166,-396,1160,-0.05775047466158867,-341,1112,0.10559038817882538
-290,1236,-0.3717515468597412,-274,1225,-0.354719877243042,-270,1230,-0.3542252480983734,-266,1234,-0.3540114164352417,-285,1211,-0.35706332325935364,-290,1205,-0.3565109968185425,-294,1200,-0.3565031886100769,-272,1246,-0.09893251955509186,-307,1199,-0.19298522174358368,-295,1261,-0.292419970035553,-309,1244,-0.30201268196105957,-285,1351,-0.09458156675100327,-366,1224,-0.23731206357479095,-181,1306,-0.2609560787677765,-201,1174,-0.4417036473751068,-91,1160,-0.2791195809841156,0,1152,-0.3954741060733795,-80,1120,-0.3248721659183502,49,1156,-0.4725469946861267,-69,1111,-0.33842673897743225,49,1150,-0.43172964453697205,-73,1125,-0.2938448488712311,31,1151,-0.3989425301551819,-541,1545,-0.08721409738063812,-614,1467,0.08947741240262985,-357,1409,-0.3985595107078552,-509,1227,-0.31143099069595337,-463,1425,0.11350303888320923,-436,1329,0.08618143945932388,-490,1422,0.14287462830543518,-431,1347,0.11585955321788788,-491,1444,-0.14965654909610748,-449,1287,-0.06997550278902054
-260,856,-0.19967830181121826,-264,852,-0.2528773546218872,-265,847,-0.2525956630706787,-266,843,-0.2524373233318329,-264,867,-0.24046380817890167,-265,872,-0.24003270268440247,-266,877,-0.24023035168647766,-282,842,-0.38862913846969604,-279,890,-0.3161715567111969,-268,850,-0.220161572098732,-267,867,-0.2013961672782898,-305,831,-0.4169285297393799,-271,907,-0.18653182685375214,-261,795,-0.34615564346313477,-183,680,-0.19834983348846436,-291,754,-0.3161235749721527,-15,561,-0.2240152806043625,-317,744,-0.34492027759552,29,556,-0.24788638949394226,-294,747,-0.3314850628376007,29,533,-0.2492193877696991,-282,756,-0.30336612462997437,7,529,-0.2264755368232727,-458,1027,-0.09977418184280396,-430,1079,0.10070334374904633,-369,929,0.13151401281356812,-321,962,0.2709856331348419,-332,950,0.7001991271972656,-241,940,0.7783167958259583,-327,964,0.7436870336532593,-238,944,0.8276946544647217,-314,910,0.6135317087173462,-207,881,0.7865069508552551
-375,945,-0.263608455657959,-371,948,-0.316962867975235,-371,948,-0.316802442073822,-370,947,-0.31685543060302734,-374,952,-0.27868250012397766,-374,955,-0.2782815396785736,-374,958,-0.27857550978660583,-371,958,-0.47553297877311707,-378,970,-0.3073178231716156,-376,949,-0.29841598868370056,-378,954,-0.24493668973445892,-364,975,-0.5416163802146912,-354,972,-0.18716715276241302,-300,977,-0.5497538447380066,-241,771,-0.18463917076587677,-329,943,-0.5010761022567749,-80,676,-0.22020971775054932,-354,946,-0.5372582674026489,-43,674,-0.24749678373336792,-337,934,-0.516950786113739,-35,662,-0.25055474042892456,-324,935,-0.48584020137786865,-53,659,-0.22573311626911163,-519,1144,-0.14081503450870514,-510,1154,0.14171059429645538,-408,1027,-0.07695671916007996,-399,1000,0.21202091872692108,-425,1066,0.48799559473991394,-351,1039,0.7017430067062378,-424,1084,0.5307067632675171,-346,1056,0.7440669536590576,-422,1034,0.42593687772750854,-337,1003,0.7414040565490723
-437,1001,-0.36229220032691956,-430,998,-0.4033464193344116,-428,999,-0.40294724702835083,-425,999,-0.40282726287841797,-435,999,-0.3566707670688629,-436,1000,-0.3561442792415619,-436,1001,-0.3561413884162903,-420,1012,-0.5148075819015503,-435,1013,-0.30602240562438965,-432,1012,-0.3811570703983307,-438,1013,-0.31756100058555603,-400,1059,-0.5642006993293762,-399,1023,-0.19629566371440887,-338,1059,-0.6300314664840698,-272,805,-0.2143511027097702,-353,1025,-0.5840336680412292,-109,709,-0.32937169075012207,-376,1026,-0.6200965046882629,-72,703,-0.3858006000518799,-356,1015,-0.6143918633460999,-62,694,-0.38209718465805054,-344,1017,-0.5756554007530212,-80,692,-0.34007084369659424,-551,1202,-0.15405650436878204,-557,1201,0.15487997233867645,-402,1052,-0.16273783147335052,-419,1001,0.09158550202846527,-412,1058,0.4296202063560486,-340,1038,0.6058652400970459,-415,1071,0.4711897671222687,-334,1050,0.6472959518432617,-400,1021,0.2813531458377838,-313,1004,0.581315279006958
-393,1063,-0.38052383065223694,-383,1056,-0.40088704228401184,-381,1058,-0.40033575892448425,-378,1061,-0.3999911844730377,-388,1052,-0.36739423871040344,-389,1052,-0.36674562096595764,-390,1052,-0.3664960265159607,-380,1075,-0.4423297345638275,-393,1064,-0.26236262917518616,-394,1081,-0.3629888892173767,-401,1076,-0.31731608510017395,-377,1147,-0.4802042245864868,-385,1101,-0.17606191337108612,-314,1156,-0.5800198316574097,-253,965,-0.23544399440288544,-251,1118,-0.5316072702407837,-100,921,-0.3527221381664276,-255,1111,-0.5619723796844482,-69,924,-0.4226776361465454,-233,1103,-0.5729292631149292,-52,914,-0.4007865786552429,-228,1107,-0.5317273139953613,-71,910,-0.358416348695755,-553,1320,-0.15999889373779297,-571,1319,0.16080597043037415,-390,1142,-0.23545369505882263,-413,1081,-0.011276627890765667,-368,1084,0.2637564241886139,-304,1100,0.41018110513687134,-373,1082,0.29573073983192444,-285,1104,0.4420064687728882,-341,1053,0.027520960196852684,-241,1068,0.28949111700057983
-384,1267,-0.44023287296295166,-374,1261,-0.42681580781936646,-368,1265,-0.426232248544693,-363,1269,-0.4256679117679596,-383,1252,-0.45160239934921265,-379,1250,-0.45092859864234924,-377,1247,-0.45082563161849976,-358,1281,-0.28239715099334717,-379,1252,-0.3681620657444,-392,1285,-0.35730624198913574,-389,1275,-0.38643717765808105,-333,1360,-0.20462217926979065,-378,1259,-0.406710684299469,-220,1357,-0.2567848563194275,-197,1201,-0.6335037350654602,-108,1293,-0.2969147264957428,2,1192,-0.6281893849372864,-102,1271,-0.3252025544643402,44,1199,-0.7405372858047485,-83,1263,-0.3998722732067108,43,1189,-0.6761068105697632,-83,1269,-0.3317224681377411,26,1189,-0.6180938482284546,-537,1534,-0.05597379058599472,-590,1487,0.058124907314777374,-348,1388,-0.2591024339199066,-442,1247,-0.2635061740875244,-361,1354,0.27273833751678467,-299,1288,0.16006188094615936,-371,1346,0.30727219581604004,-284,1290,0.19260193407535553,-362,1344,0.006112591363489628,-262,1244,-0.021745380014181137
-173,787,-0.3926505446434021,-175,778,-0.43702343106269836,-177,775,-0.4365496039390564,-178,772,-0.43621498346328735,-175,789,-0.4299391210079193,-176,793,-0.4295274615287781,-177,797,-0.42957833409309387,-202,776,-0.5061379671096802,-198,814,-0.46856456995010376,-186,789,-0.38852640986442566,-185,801,-0.380104124546051,-241,797,-0.5242525935173035,-213,860,-0.3069416880607605,-161,738,-0.528688907623291,-106,674,-0.37653571367263794,-137,681,-0.5362594127655029,46,590,-0.5191944241523743,-150,665,-0.5818650722503662,84,591,-0.5582581162452698,-129,671,-0.5835979580879211,81,573,-0.58595871925354,-122,680,-0.5329394936561584,62,568,-0.5347303748130798,-452,1006,-0.11669961363077164,-430,1059,0.11742113530635834,-313,883,0.10807512700557709,-282,922,0.3082825243473053,-270,870,0.6979377865791321,-195,872,0.8313551545143127,-268,877,0.7381018996238708,-197,869,0.8782591819763184,-240,822,0.5472279787063599,-147,800,0.7782267332077026
-236,957,-0.3921477794647217,-225,954,-0.4306982159614563,-223,956,-0.43027254939079285,-222,957,-0.42991602420806885,-230,953,-0.4191322922706604,-232,953,-0.4186619222164154,-234,953,-0.4186953604221344,-231,967,-0.45394542813301086,-247,961,-0.384383887052536,-245,967,-0.3763023018836975,-250,965,-0.36005058884620667,-264,1019,-0.46460092067718506,-290,978,-0.25692734122276306,-230,1044,-0.5231747031211853,-183,862,-0.35278210043907166,-240,997,-0.5186411142349243,-46,850,-0.40043798089027405,-259,984,-0.5560421943664551,-14,863,-0.4476716220378876,-239,977,-0.5665808320045471,-14,851,-0.4474634528160095,-230,985,-0.5198622345924377,-30,843,-0.40990784764289856,-490,1202,-0.11494998633861542,-514,1193,0.1157643124461174,-310,1052,-0.12651900947093964,-331,1004,0.11544722318649292,-290,1009,0.4504573941230774,-240,1010,0.5651789903640747,-298,1009,0.48755747079849243,-241,1017,0.6004558801651001,-267,979,0.2622154653072357,-202,953,0.4823647439479828
-287,1051,-0.36820054054260254,-269,1043,-0.36340829730033875,-265,1046,-0.36290243268013,-262,1050,-0.36239033937454224,-277,1033,-0.35549429059028625,-280,1031,-0.35489678382873535,-282,1028,-0.3547903597354889,-258,1067,-0.2536044418811798,-286,1036,-0.21022412180900574,-289,1074,-0.3076140880584717,-299,1063,-0.29683393239974976,-270,1167,-0.2928100526332855,-326,1072,-0.15944518148899078,-232,1151,-0.4325161874294281,-182,984,-0.3011088967323303,-239,1050,-0.3946453332901001,-39,980,-0.2819685637950897,-255,1021,-0.4362911581993103,-3,988,-0.3493063449859619,-239,1014,-0.43648093938827515,-9,981,-0.3190189599990845,-230,1026,-0.397077739238739,-25,978,-0.2819686532020569,-509,1341,-0.1272086352109909,-561,1296,0.12816031277179718,-322,1163,-0.3204316198825836,-404,1041,-0.1278729885816574,-354,1117,0.23787525296211243,-323,1088,0.3427162766456604,-372,1114,0.27141615748405457,-321,1098,0.3774661719799042,-339,1098,0.0032183914445340633,-309,1033,0.21792013943195343
-273,1261,-0.3379433751106262,-253,1248,-0.29652419686317444,-249,1253,-0.2962190508842468,-246,1258,-0.2956257462501526,-263,1233,-0.31799834966659546,-267,1226,-0.31756895780563354,-271,1220,-0.3176199495792389,-248,1262,-0.07267042249441147,-282,1212,-0.16943120956420898,-279,1281,-0.2361774891614914,-293,1263,-0.2648913860321045,-271,1340,-0.09355159848928452,-345,1223,-0.19455936551094055,-209,1252,-0.21654245257377625,-167,1165,-0.3832211196422577,-136,1098,-0.2052043229341507,25,1153,-0.28217366337776184,-129,1060,-0.2618095576763153,74,1164,-0.3574373722076416,-123,1051,-0.2621952295303345,75,1155,-0.3135213255882263,-126,1065,-0.21744930744171143,56,1154,-0.2776019275188446,-526,1518,-0.0840030387043953,-595,1442,0.08646079897880554,-358,1397,-0.41436609625816345,-558,1247,-0.3189312219619751,-501,1450,-0.007746291346848011,-514,1339,-0.01068634819239378,-535,1455,0.013130756095051765,-515,1357,0.010438759811222553,-534,1485,-0.26445716619491577,-537,1297,-0.19258448481559753
-158,721,-0.2811290919780731,-155,709,-0.3215484619140625,-156,707,-0.3213885426521301,-157,705,-0.3213905692100525,-154,717,-0.31494519114494324,-154,721,-0.3147326409816742,-155,724,-0.3149857521057129,-177,709,-0.3838118612766266,-171,739,-0.3515506088733673,-173,729,-0.27701976895332336,-171,737,-0.26990807056427,-228,753,-0.40488743782043457,-190,810,-0.1958080679178238,-183,756,-0.4045041501522064,-128,699,-0.23524843156337738,-164,698,-0.3918302059173584,-15,647,-0.3201037049293518,-173,680,-0.42439523339271545,14,650,-0.35387423634529114,-151,679,-0.42767149209976196,10,631,-0.37706702947616577,-144,691,-0.388620525598526,-6,625,-0.33443203568458557,-438,970,-0.115241639316082,-411,1008,0.1156352162361145,-336,876,0.08219355344772339,-312,909,0.2978528141975403,-322,889,0.5908180475234985,-253,884,0.7323824167251587,-314,901,0.6292835474014282,-253,887,0.7729301452636719,-323,855,0.5161305665969849,-234,824,0.727265477180481
-193,850,-0.22207963466644287,-192,841,-0.2767803966999054,-193,837,-0.2766214609146118,-194,833,-0.27668672800064087,-192,853,-0.27102136611938477,-192,857,-0.2707754373550415,-193,861,-0.2712309956550598,-211,831,-0.3913576602935791,-208,872,-0.35364750027656555,-204,849,-0.23368509113788605,-203,862,-0.2246251404285431,-247,845,-0.3948867917060852,-217,903,-0.20857074856758118,-199,879,-0.34254327416419983,-152,763,-0.23469461500644684,-239,859,-0.2916833460330963,-25,716,-0.2750578224658966,-265,850,-0.3049083352088928,7,723,-0.2956579625606537,-245,850,-0.3029012680053711,5,702,-0.30538803339004517,-231,859,-0.28149524331092834,-11,694,-0.28166621923446655,-440,1052,-0.07556436210870743,-418,1092,0.0759422704577446,-346,960,0.11790262907743454,-317,996,0.25258368253707886,-335,982,0.6638698577880859,-258,968,0.7064844369888306,-333,995,0.7048701047897339,-259,970,0.7506608963012695,-328,943,0.5813161134719849,-232,911,0.7023972272872925
-306,918,-0.26529404520988464,-294,914,-0.3008117079734802,-291,915,-0.3005698621273041,-288,916,-0.3005332052707672,-298,913,-0.2710230350494385,-299,914,-0.27077463269233704,-299,916,-0.2712177336215973,-286,932,-0.39379093050956726,-299,932,-0.2093421369791031,-306,934,-0.27935248613357544,-312,933,-0.22892513871192932,-290,1003,-0.44996511936187744,-297,967,-0.11872414499521255,-256,1042,-0.5680368542671204,-176,824,-0.15257616341114044,-277,1011,-0.5383152961730957,-35,761,-0.25626492500305176,-297,1007,-0.5577942132949829,0,760,-0.29370492696762085,-276,1000,-0.5522096157073975,2,751,-0.2938143014907837,-266,1003,-0.5282610058784485,-13,748,-0.2661246061325073,-475,1171,-0.1353556215763092,-492,1161,0.13583123683929443,-346,1043,-0.13416790962219238,-360,993,0.05205025523900986,-337,1017,0.3715672194957733,-267,999,0.5193316340446472,-338,1023,0.40799927711486816,-262,1005,0.5577050447463989,-328,978,0.2185608297586441,-235,968,0.47972169518470764
-306,1006,-0.36539244651794434,-289,999,-0.38056015968322754,-285,1002,-0.38021308183670044,-281,1006,-0.3800019919872284,-297,992,-0.35269060730934143,-299,991,-0.35225483775138855,-301,990,-0.3523566722869873,-277,1022,-0.38567060232162476,-302,1000,-0.23963585495948792,-307,1027,-0.33768773078918457,-317,1020,-0.29793936014175415,-281,1116,-0.41795089840888977,-333,1033,-0.13475120067596436,-247,1147,-0.5599795579910278,-229,958,-0.1866297423839569,-268,1084,-0.5695010423660278,-92,938,-0.272592693567276,-275,1071,-0.6003844738006592,-58,941,-0.3238632380962372,-257,1059,-0.5988398790359497,-56,932,-0.31065306067466736,-252,1065,-0.5661121010780334,-71,929,-0.2792075574398041,-476,1285,-0.13021497428417206,-522,1245,0.1307264119386673,-333,1141,-0.2773497998714447,-386,1051,-0.07189897447824478,-348,1119,0.20076054334640503,-304,1105,0.31528815627098083,-358,1122,0.23190239071846008,-298,1116,0.34513238072395325,-343,1094,0.018946291878819466,-278,1080,0.23149624466896057
-284,1146,-0.3622388541698456,-268,1134,-0.3546046018600464,-265,1138,-0.3543277680873871,-262,1142,-0.3541618585586548,-278,1124,-0.3470521569252014,-281,1120,-0.34665507078170776,-284,1116,-0.3468456566333771,-268,1150,-0.17875830829143524,-291,1115,-0.1943393051624298,-286,1167,-0.31600767374038696,-299,1154,-0.29109424352645874,-271,1245,-0.16025646030902863,-338,1135,-0.16230645775794983,-232,1237,-0.3070293068885803,-210,1086,-0.3525439500808716,-173,1166,-0.3307305872440338,-35,1054,-0.2936246991157532,-164,1151,-0.3641742765903473,6,1053,-0.36103692650794983,-160,1141,-0.3920535445213318,5,1048,-0.3194815218448639,-164,1144,-0.3516678214073181,-9,1051,-0.29050642251968384,-476,1425,-0.10171268880367279,-539,1353,0.10410545766353607,-334,1321,-0.366283655166626,-466,1160,-0.21844404935836792,-434,1365,0.03934415057301521,-374,1243,0.05053295940160751,-456,1371,0.0634913444519043,-367,1259,0.07160257548093796,-472,1384,-0.17673040926456451,-376,1215,-0.07193692028522491
-218,853,-0.25609633326530457,-219,848,-0.3033553659915924,-220,844,-0.30298224091529846,-221,840,-0.3026854991912842,-218,862,-0.290075421333313,-219,867,-0.2896311283111572,-220,873,-0.28970158100128174,-240,839,-0.41458660364151,-235,887,-0.3404867649078369,-228,849,-0.27018845081329346,-226,865,-0.2507569491863251,-275,833,-0.4426341652870178,-227,914,-0.1986575424671173,-226,802,-0.41628924012184143,-140,694,-0.2310008555650711,-258,758,-0.40530845522880554,15,573,-0.3058038353919983,-285,747,-0.4386395812034607,59,566,-0.3363930881023407,-261,748,-0.4228435158729553,56,544,-0.34575793147087097,-247,759,-0.3915790915489197,34,541,-0.31179070472717285,-420,1025,-0.1073487401008606,-384,1090,0.10827277600765228,-340,903,0.09889546781778336,-284,954,0.23807232081890106,-276,898,0.5974066853523254,-191,896,0.6997255086898804,-267,908,0.6330525875091553,-189,896,0.7419528365135193,-250,853,0.4738576412200928,-149,825,0.6657925844192505
-404,957,-0.34676337242126465,-404,955,-0.39730143547058105,-403,952,-0.396879106760025,-402,951,-0.3966631293296814,-405,963,-0.3638366460800171,-404,966,-0.3634013533592224,-404,970,-0.3635445237159729,-403,956,-0.5275286436080933,-405,982,-0.3617417812347412,-403,958,-0.3697274625301361,-403,968,-0.32314205169677734,-385,970,-0.5579292178153992,-368,995,-0.22838708758354187,-317,948,-0.5962787866592407,-279,806,-0.17045247554779053,-347,887,-0.5350248217582703,-149,702,-0.22520902752876282,-372,879,-0.5790488719940186,-117,695,-0.2742632329463959,-354,872,-0.5649704933166504,-114,684,-0.29559212923049927,-340,878,-0.5218260288238525,-131,682,-0.24005812406539917,-510,1123,-0.13137409090995789,-492,1148,0.13204960525035858,-394,963,0.003954981919378042,-373,959,0.1842299997806549,-369,964,0.5915539860725403,-292,952,0.7089077234268188,-367,976,0.6320247054100037,-286,961,0.756049633026123,-347,924,0.48105350136756897,-261,902,0.7141553163528442
-456,1031,-0.32458919286727905,-447,1025,-0.3735090494155884,-443,1026,-0.37312692403793335,-439,1026,-0.37289896607398987,-454,1025,-0.36024126410484314,-455,1026,-0.35969820618629456,-456,1027,-0.35953253507614136,-427,1035,-0.5013712048530579,-451,1034,-0.25770536065101624,-447,1040,-0.3450668752193451,-455,1041,-0.30019301176071167,-395,1067,-0.5361891984939575,-411,1044,-0.14164288341999054,-338,1072,-0.5488152503967285,-309,859,-0.12056881934404373,-381,1043,-0.4975603222846985,-177,792,-0.21114735305309296,-410,1044,-0.5431651473045349,-148,792,-0.2672289311885834,-393,1031,-0.5199885368347168,-139,783,-0.27344855666160583,-378,1035,-0.48238182067871094,-155,778,-0.2237401008605957,-535,1200,-0.14905402064323425,-545,1214,0.14971071481704712,-382,1023,-0.18837812542915344,-384,999,0.07391607761383057,-372,1022,0.36379772424697876,-299,1023,0.5200511813163757,-377,1034,0.4005255401134491,-295,1033,0.5550446510314941,-353,982,0.1960923969745636,-264,977,0.47729337215423584
-374,1133,-0.4371373653411865,-367,1124,-0.43663761019706726,-366,1128,-0.4361265301704407,-365,1133,-0.4356204569339752,-371,1114,-0.4359961450099945,-372,1111,-0.43548402190208435,-374,1108,-0.43547889590263367,-376,1146,-0.3715822696685791,-377,1111,-0.2657420039176941,-374,1153,-0.3773326575756073,-380,1142,-0.37089571356773376,-358,1242,-0.36992040276527405,-392,1122,-0.2506071925163269,-310,1277,-0.4889569878578186,-260,1029,-0.3860343396663666,-346,1235,-0.4070049524307251,-121,1009,-0.26846975088119507,-375,1224,-0.4320060610771179,-96,1012,-0.343788206577301,-355,1210,-0.4620612859725952,-84,1005,-0.28187498450279236,-342,1212,-0.41836148500442505,-105,1005,-0.2563742995262146,-512,1398,-0.13341133296489716,-571,1352,0.13451969623565674,-338,1203,-0.3971167504787445,-427,1103,-0.18764911592006683,-363,1166,0.08020364493131638,-304,1151,0.16978295147418976,-376,1164,0.10909899324178696,-295,1159,0.1952895224094391,-359,1153,-0.14933592081069946,-283,1112,0.048307135701179504
-348,1263,-0.447224885225296,-345,1250,-0.42461925745010376,-351,1254,-0.424323171377182,-363,1259,-0.42396995425224304,-345,1237,-0.43362662196159363,-347,1232,-0.4331505298614502,-349,1227,-0.4332643747329712,-339,1269,-0.2294471114873886,-355,1226,-0.25750717520713806,-349,1287,-0.3610062301158905,-358,1272,-0.36731791496276855,-313,1388,-0.1489514857530594,-404,1247,-0.3039737343788147,-303,1440,-0.2595859169960022,-249,1230,-0.4880073666572571,-254,1403,-0.27834436297416687,-59,1196,-0.3858489990234375,-249,1395,-0.31029051542282104,0,1193,-0.48054590821266174,-246,1378,-0.35016360878944397,-3,1182,-0.40853333473205566,-248,1376,-0.3025643825531006,-26,1186,-0.37386471033096313,-520,1573,-0.08652808517217636,-607,1493,0.08944609761238098,-381,1442,-0.47257858514785767,-587,1296,-0.30951252579689026,-507,1564,-0.05106274411082268,-491,1425,-0.02798810414969921,-531,1583,-0.024865832179784775,-476,1445,-0.007981170900166035,-549,1599,-0.313534677028656,-510,1416,-0.21108414232730865
-155,702,-0.47230347990989685,-156,684,-0.5394634008407593,-160,681,-0.5387814044952393,-163,678,-0.5379388928413391,-149,696,-0.5486156940460205,-147,700,-0.5479279160499573,-146,705,-0.5475274920463562,-191,684,-0.6056475639343262,-163,728,-0.6507849097251892,-174,711,-0.4576990604400635,-164,725,-0.4724749028682709,-250,725,-0.5264797210693359,-205,818,-0.4425433874130249,-160,611,-0.48197633028030396,-104,679,-0.4950447678565979,-99,549,-0.4577994644641876,3,591,-0.6116233468055725,-97,525,-0.5207042694091797,38,587,-0.6815873980522156,-90,537,-0.5491310954093933,17,566,-0.7191807627677917,-86,552,-0.47091785073280334,0,564,-0.6326082348823547,-518,967,-0.05299500748515129,-498,1027,0.05424339324235916,-313,747,0.007855243980884552,-320,760,0.01745792105793953,-111,549,0.2960248589515686,-109,604,0.35559219121932983,-102,521,0.29525861144065857,-105,576,0.37916162610054016,-2,472,-0.1564173698425293,16,521,0.0541032999753952
-217,767,-0.1760224997997284,-213,758,-0.22994036972522736,-213,757,-0.2294333279132843,-214,755,-0.228829026222229,-213,765,-0.23483231663703918,-213,768,-0.23425088822841644,-213,771,-0.23416276276111603,-226,760,-0.3062288761138916,-225,782,-0.3281662166118622,-228,773,-0.16711795330047607,-226,782,-0.17629627883434296,-262,805,-0.3454935550689697,-267,828,-0.18330088257789612,-250,804,-0.3238239884376526,-195,722,-0.20712384581565857,-257,752,-0.2879832684993744,-89,681,-0.21681492030620575,-276,737,-0.3242548704147339,-67,685,-0.2482346147298813,-261,734,-0.34629207849502563,-73,672,-0.27883610129356384,-250,743,-0.29385751485824585,-83,666,-0.23233292996883392,-538,1025,-0.08401819318532944,-550,1047,0.08528874814510345,-337,854,-0.12034626305103302,-343,845,0.07689935714006424,-280,792,0.2981044352054596,-239,818,0.4406532645225525,-291,785,0.31071072816848755,-247,817,0.4690774381160736,-222,740,0.03265542536973953,-166,750,0.31509023904800415
-234,785,-0.34566831588745117,-237,773,-0.38864436745643616,-239,771,-0.38797232508659363,-241,768,-0.38737860321998596,-235,783,-0.3873816132545471,-235,787,-0.3865998685359955,-236,791,-0.38625645637512207,-265,774,-0.4532320499420166,-255,811,-0.4415799081325531,-247,790,-0.34024345874786377,-244,802,-0.3391561508178711,-302,807,-0.445048063993454,-264,867,-0.2994597852230072,-196,712,-0.46046656370162964,-117,656,-0.35056719183921814,-141,654,-0.44440320134162903,48,554,-0.4486197531223297,-146,638,-0.48775699734687805,90,550,-0.479338139295578,-129,648,-0.491726815700531,81,534,-0.5054028630256653,-125,656,-0.44439998269081116,61,532,-0.46124884486198425,-509,1004,-0.09700517356395721,-489,1065,0.09807571768760681,-338,845,0.04302333667874336,-313,869,0.14063289761543274,-228,740,0.46898719668388367,-180,765,0.5624409317970276,-226,728,0.4910200536251068,-186,751,0.5971229076385498,-155,682,0.20388932526111603,-80,681,0.4033029079437256
-225,856,-0.36352798342704773,-218,851,-0.39970579743385315,-218,851,-0.39918848872184753,-219,852,-0.3987572193145752,-219,852,-0.3926498293876648,-220,853,-0.3920210003852844,-221,854,-0.39182889461517334,-236,865,-0.4442870318889618,-237,870,-0.3988015651702881,-239,867,-0.34531790018081665,-239,869,-0.3394533693790436,-285,936,-0.4357925057411194,-276,908,-0.2909867465496063,-224,962,-0.4420364499092102,-159,785,-0.3831850290298462,-201,939,-0.4193826913833618,-2,769,-0.447464257478714,-213,933,-0.454780638217926,31,784,-0.4833703637123108,-192,932,-0.48344317078590393,30,769,-0.5050013065338135,-185,938,-0.4293089807033539,13,759,-0.4602825939655304,-527,1154,-0.10768385976552963,-539,1157,0.10875038057565689,-338,992,-0.12666961550712585,-342,960,0.14308002591133118,-316,958,0.4702329635620117,-248,965,0.6362321376800537,-326,959,0.5015726685523987,-253,972,0.6766186952590942,-285,916,0.23640982806682587,-199,897,0.5322819948196411
-220,950,-0.30937620997428894,-206,941,-0.31389594078063965,-204,943,-0.31351780891418457,-203,945,-0.3131701648235321,-211,936,-0.31967678666114807,-213,934,-0.31906038522720337,-215,933,-0.31891465187072754,-214,958,-0.22604449093341827,-231,941,-0.24680659174919128,-232,968,-0.24862723052501678,-237,961,-0.25741732120513916,-256,1058,-0.2501029670238495,-293,972,-0.19900143146514893,-222,1060,-0.34865841269493103,-156,890,-0.3587026298046112,-187,975,-0.36924830079078674,4,851,-0.3928939402103424,-199,953,-0.41018345952033997,41,856,-0.45669302344322205,-178,950,-0.4266262948513031,36,842,-0.45018795132637024,-171,957,-0.3784130811691284,19,839,-0.400755375623703,-535,1282,-0.11966007202863693,-581,1237,0.12070013582706451,-344,1100,-0.2231665998697281,-415,974,-0.0699058473110199,-332,996,0.3044833838939667,-289,994,0.42618510127067566,-346,982,0.3314113914966583,-284,999,0.4643498361110687,-295,970,-0.012988786213099957,-249,942,0.25315243005752563
-277,1111,-0.3426492214202881,-251,1103,-0.32515254616737366,-245,1107,-0.3245593309402466,-239,1112,-0.323947936296463,-262,1091,-0.33295196294784546,-265,1088,-0.3323420584201813,-268,1085,-0.33222129940986633,-221,1129,-0.25725477933883667,-269,1092,-0.1634701043367386,-281,1137,-0.26710018515586853,-294,1124,-0.2716597020626068,-262,1253,-0.2903886139392853,-339,1114,-0.09810377657413483,-245,1268,-0.477669894695282,-206,1008,-0.2488241195678711,-246,1136,-0.45089417695999146,-49,956,-0.26572394371032715,-255,1100,-0.4916659891605377,-11,949,-0.3357142508029938,-241,1092,-0.4611801505088806,-15,943,-0.3041711747646332,-236,1103,-0.44430965185165405,-30,946,-0.27372604608535767,-545,1434,-0.14693930745124817,-610,1353,0.14840717613697052,-344,1274,-0.45726922154426575,-480,1086,-0.14523199200630188,-436,1240,0.10358411073684692,-413,1147,0.2703114449977875,-464,1235,0.13587762415409088,-412,1167,0.2980916500091553,-439,1241,-0.16117380559444427,-416,1083,0.1274840384721756
-181,837,-0.26903676986694336,-180,835,-0.3180696964263916,-182,832,-0.31767770648002625,-183,828,-0.3172883093357086,-179,849,-0.29241105914115906,-180,855,-0.2919574975967407,-180,861,-0.2920432388782501,-204,833,-0.43491989374160767,-197,882,-0.30606809258461,-195,834,-0.289050817489624,-193,850,-0.2535651624202728,-250,832,-0.4871492385864258,-211,916,-0.15437331795692444,-214,776,-0.5211660861968994,-139,702,-0.1759641319513321,-238,723,-0.511067807674408,18,585,-0.27098947763442993,-261,709,-0.5541191101074219,64,582,-0.29519233107566833,-237,715,-0.5304567217826843,61,560,-0.32308629155158997,-226,725,-0.4953223168849945,41,556,-0.28428739309310913,-423,1049,-0.1345866322517395,-393,1109,0.13589024543762207,-342,894,0.025757621973752975,-285,931,0.23875615000724792,-267,847,0.44927525520324707,-181,847,0.6717334985733032,-253,845,0.4784037172794342,-179,842,0.7104527354240417,-242,808,0.29984715580940247,-126,773,0.6086809039115906
-395,973,-0.3443199694156647,-392,968,-0.40233153104782104,-391,967,-0.4018719494342804,-390,965,-0.40165430307388306,-392,976,-0.36570388078689575,-392,980,-0.3652437925338745,-391,983,-0.36541277170181274,-390,973,-0.5627602338790894,-390,998,-0.3802405297756195,-393,978,-0.3790034055709839,-394,986,-0.3285154402256012,-376,998,-0.6005092263221741,-355,1016,-0.2603617310523987,-305,988,-0.6663621068000793,-273,821,-0.1850484162569046,-333,932,-0.6015264391899109,-163,729,-0.2689950466156006,-358,926,-0.6440885066986084,-139,724,-0.3002922832965851,-341,917,-0.6260376572608948,-137,717,-0.3293169438838959,-328,924,-0.5872869491577148,-151,716,-0.28395959734916687,-514,1152,-0.13745330274105072,-497,1174,0.13853807747364044,-396,986,-0.025248266756534576,-380,965,0.14102999866008759,-377,963,0.49297890067100525,-307,960,0.6605530977249146,-381,973,0.5315631031990051,-306,968,0.7046868801116943,-344,917,0.37659698724746704,-270,909,0.6360878944396973
-426,1002,-0.32969769835472107,-419,992,-0.3817477822303772,-417,992,-0.38133612275123596,-414,992,-0.38104093074798584,-422,995,-0.35848933458328247,-422,997,-0.35810184478759766,-421,999,-0.35878926515579224,-407,1003,-0.5409476161003113,-416,1013,-0.2767883837223053,-420,1015,-0.35605016350746155,-425,1018,-0.31741228699684143,-388,1058,-0.5908917784690857,-368,1053,-0.20514634251594543,-324,1068,-0.6276726126670837,-241,861,-0.15433962643146515,-349,1027,-0.5906848907470703,-94,766,-0.24186325073242188,-375,1021,-0.610084593296051,-56,759,-0.2930665910243988,-355,1014,-0.6215823292732239,-54,750,-0.2929343283176422,-342,1020,-0.5703879594802856,-73,748,-0.25188127160072327,-541,1210,-0.1569685935974121,-534,1230,0.15751022100448608,-390,1032,-0.15228892862796783,-397,1002,0.08087171614170074,-379,1008,0.41527217626571655,-304,1021,0.5815757513046265,-383,1015,0.4574049413204193,-297,1028,0.6208230257034302,-346,968,0.2598957419395447,-262,987,0.535022497177124
-364,1078,-0.43020349740982056,-348,1068,-0.44535964727401733,-345,1071,-0.4449101984500885,-342,1075,-0.44460010528564453,-355,1060,-0.421420693397522,-357,1058,-0.4209669530391693,-358,1056,-0.4210394322872162,-341,1089,-0.47292372584342957,-359,1064,-0.2815001606941223,-364,1100,-0.39919331669807434,-374,1091,-0.3651488721370697,-349,1190,-0.478370726108551,-372,1097,-0.21366378664970398,-316,1246,-0.6117342710494995,-226,984,-0.2830132842063904,-354,1217,-0.585494339466095,-72,928,-0.28481632471084595,-378,1212,-0.5797703266143799,-43,922,-0.345053106546402,-362,1199,-0.6194118857383728,-46,910,-0.30302196741104126,-350,1200,-0.5585108995437622,-67,912,-0.28221097588539124,-517,1352,-0.15564687550067902,-561,1317,0.15581266582012177,-382,1184,-0.3534853458404541,-439,1100,-0.0901583731174469,-404,1163,0.13230660557746887,-345,1147,0.2676658034324646,-417,1167,0.16257233917713165,-338,1157,0.29175907373428345,-405,1139,-0.07196524739265442,-322,1115,0.16860072314739227
-327,1180,-0.40108367800712585,-327,1166,-0.42652928829193115,-338,1170,-0.42577776312828064,-327,1174,-0.42535772919654846,-322,1155,-0.39093753695487976,-322,1151,-0.3905070126056671,-324,1147,-0.39061588048934937,-297,1186,-0.2188073843717575,-329,1150,-0.2051633596420288,-332,1205,-0.3491310179233551,-338,1193,-0.3425130248069763,-288,1308,-0.17647914588451385,-377,1183,-0.21604567766189575,-282,1350,-0.3293616771697998,-233,1157,-0.3596491515636444,-253,1299,-0.3472709357738495,-61,1118,-0.2970728874206543,-251,1289,-0.37371334433555603,-41,1114,-0.375485360622406,-247,1274,-0.40206512808799744,-38,1103,-0.31482893228530884,-248,1275,-0.3608662784099579,-61,1107,-0.2904987037181854,-507,1511,-0.10707511007785797,-583,1436,0.10909833014011383,-382,1370,-0.4193749725818634,-531,1232,-0.24780473113059998,-469,1439,0.05033478885889053,-445,1355,0.08903313428163528,-495,1451,0.07943584024906158,-434,1377,0.11501871794462204,-504,1459,-0.18399390578269958,-461,1344,-0.05036793276667595
-236,883,-0.21401049196720123,-237,878,-0.269498735666275,-239,873,-0.26920273900032043,-240,868,-0.26900070905685425,-236,892,-0.25659534335136414,-236,898,-0.25621286034584045,-236,903,-0.25638240575790405,-257,867,-0.41605064272880554,-247,917,-0.3407655656337738,-246,878,-0.23911941051483154,-242,895,-0.21977193653583527,-291,864,-0.44275927543640137,-236,938,-0.20725640654563904,-262,832,-0.39724984765052795,-149,720,-0.20135831832885742,-298,783,-0.37349045276641846,11,604,-0.24181978404521942,-329,771,-0.4061402380466461,54,599,-0.2696544826030731,-303,774,-0.39472147822380066,52,577,-0.27616405487060547,-288,784,-0.36073192954063416,31,574,-0.2455098032951355,-443,1054,-0.10527168959379196,-406,1109,0.10615962743759155,-357,932,0.06561949104070663,-305,969,0.24651142954826355,-315,938,0.5885539650917053,-220,929,0.7159522771835327,-309,950,0.6282236576080322,-219,932,0.759562611579895,-292,895,0.4953603744506836,-177,864,0.7050136923789978
-372,982,-0.21381144225597382,-375,973,-0.27357104420661926,-376,970,-0.27321314811706543,-378,968,-0.2730729281902313,-370,983,-0.257365345954895,-368,987,-0.2569621205329895,-366,991,-0.25709468126296997,-383,972,-0.46754196286201477,-365,1005,-0.3627321124076843,-372,985,-0.2468077838420868,-367,996,-0.22237609326839447,-382,1002,-0.5263102650642395,-313,1035,-0.27997422218322754,-300,1021,-0.5356324315071106,-202,855,-0.23730671405792236,-306,972,-0.4794118404388428,-50,767,-0.2800770401954651,-333,963,-0.5079697966575623,-15,765,-0.33341947197914124,-308,958,-0.5128395557403564,-16,751,-0.3294591009616852,-293,965,-0.4739544689655304,-36,747,-0.28599923849105835,-525,1168,-0.11130028963088989,-491,1210,0.11214955896139145,-380,1037,0.008689822629094124,-362,1033,0.1684492528438568,-360,1049,0.588554859161377,-276,1042,0.6893038153648376,-360,1062,0.6296746134757996,-274,1049,0.7349014282226562,-338,1009,0.4904661774635315,-237,993,0.6705883741378784
-374,1036,-0.2973524332046509,-368,1030,-0.34662070870399475,-368,1030,-0.3461085855960846,-367,1029,-0.3457716703414917,-367,1034,-0.31582579016685486,-366,1036,-0.3152553141117096,-364,1038,-0.3150673806667328,-371,1039,-0.47130298614501953,-365,1053,-0.3409249782562256,-376,1045,-0.3117039203643799,-375,1049,-0.27049127221107483,-374,1090,-0.509783148765564,-342,1085,-0.27445706725120544,-295,1141,-0.5628131031990051,-194,955,-0.24445147812366486,-247,1146,-0.5392856597900391,-36,904,-0.32846131920814514,-255,1150,-0.569031834602356,0,906,-0.40030089020729065,-233,1146,-0.5906637907028198,0,897,-0.3889003098011017,-226,1147,-0.5432747006416321,-18,891,-0.3373870849609375,-535,1262,-0.13539046049118042,-526,1286,0.13642600178718567,-367,1114,-0.15547940135002136,-365,1081,-0.01549053005874157,-319,1090,0.3794426918029785,-241,1106,0.4712508022785187,-311,1091,0.4196723699569702,-220,1107,0.510873556137085,-298,1073,0.19611787796020508,-189,1080,0.3744018077850342
-338,1156,-0.48415133357048035,-334,1145,-0.48341143131256104,-334,1146,-0.48298048973083496,-335,1148,-0.482544481754303,-335,1140,-0.496955931186676,-336,1139,-0.4964298605918884,-337,1138,-0.49641236662864685,-345,1154,-0.41925016045570374,-347,1141,-0.43251922726631165,-343,1171,-0.4179389476776123,-346,1165,-0.4350429177284241,-352,1218,-0.40568193793296814,-366,1165,-0.38628438115119934,-206,1201,-0.5323911309242249,-190,1083,-0.5472287535667419,-121,1113,-0.5601664185523987,-33,1024,-0.5318219065666199,-116,1091,-0.6024771928787231,4,1022,-0.6145833730697632,-102,1081,-0.6158004403114319,1,1010,-0.5714686512947083,-102,1090,-0.5687295198440552,-11,1010,-0.5267109870910645,-515,1397,-0.11299405992031097,-549,1369,0.11445275694131851,-357,1280,-0.2541981339454651,-412,1182,-0.15301528573036194,-354,1274,0.2298985868692398,-282,1239,0.2213989943265915,-357,1276,0.25847572088241577,-268,1245,0.24994412064552307,-374,1263,-0.006848298944532871,-260,1213,0.09975088387727737
-287,1258,-0.4498964548110962,-274,1243,-0.43756285309791565,-272,1245,-0.43719202280044556,-270,1247,-0.43687862157821655,-282,1235,-0.4729365408420563,-286,1232,-0.4724218249320984,-291,1228,-0.47244104743003845,-283,1247,-0.27690428495407104,-314,1224,-0.4408112168312073,-296,1273,-0.37336602807044983,-308,1264,-0.41621309518814087,-295,1338,-0.21167071163654327,-351,1235,-0.46903127431869507,-181,1369,-0.2852290868759155,-186,1212,-0.6698459982872009,-88,1320,-0.39277949929237366,3,1190,-0.6195654273033142,-76,1306,-0.424747109413147,45,1190,-0.7130349278450012,-65,1293,-0.48436254262924194,42,1181,-0.6529433131217957,-68,1297,-0.4260375499725342,27,1182,-0.6072618365287781,-506,1524,-0.05047032982110977,-554,1462,0.05237562209367752,-341,1434,-0.23906686902046204,-426,1267,-0.22138482332229614,-363,1455,0.25127893686294556,-272,1335,0.12434101104736328,-369,1455,0.2845692038536072,-260,1341,0.1528027206659317,-401,1459,0.018483435735106468,-243,1312,-0.02254112809896469
-230,830,-0.22297663986682892,-228,827,-0.2686171531677246,-229,823,-0.26820987462997437,-229,820,-0.2678322494029999,-229,840,-0.23827287554740906,-229,845,-0.23777619004249573,-229,851,-0.23783114552497864,-242,824,-0.3984251916408539,-239,868,-0.24831373989582062,-238,829,-0.2509880065917969,-236,844,-0.20917654037475586,-269,823,-0.47204598784446716,-235,901,-0.10490599274635315,-237,771,-0.5098703503608704,-161,682,-0.11622890084981918,-274,724,-0.465793251991272,-11,557,-0.21712632477283478,-297,713,-0.4985317587852478,32,550,-0.24028417468070984,-277,718,-0.4719710946083069,30,529,-0.26545241475105286,-266,727,-0.4459800124168396,10,528,-0.22985227406024933,-425,1027,-0.1293545365333557,-400,1085,0.13034623861312866,-347,879,0.03818468004465103,-301,907,0.20699742436408997,-264,819,0.4496428966522217,-189,812,0.6043944954872131,-251,817,0.4772663116455078,-186,807,0.6372453570365906,-229,773,0.28274500370025635,-127,736,0.521527111530304
-443,985,-0.34494349360466003,-441,982,-0.39973390102386475,-439,981,-0.39918527007102966,-437,979,-0.39886224269866943,-444,989,-0.3619811534881592,-444,992,-0.3615165054798126,-444,994,-0.3616063594818115,-431,985,-0.5333848595619202,-441,1004,-0.34599778056144714,-438,987,-0.3660695552825928,-441,994,-0.3139132261276245,-404,996,-0.5687958598136902,-395,1005,-0.20289455354213715,-336,976,-0.5970918536186218,-314,798,-0.11883826553821564,-384,921,-0.48828956484794617,-185,713,-0.18289406597614288,-413,916,-0.5287982225418091,-156,712,-0.22744786739349365,-397,906,-0.5102496147155762,-149,704,-0.24797309935092926,-381,913,-0.4721010625362396,-165,700,-0.19655410945415497,-525,1133,-0.1391017735004425,-514,1153,0.1397697478532791,-402,954,-0.060989316552877426,-388,942,0.15633037686347961,-378,956,0.49045035243034363,-311,943,0.6414429545402527,-382,970,0.5313439965248108,-308,954,0.6855696439743042,-347,911,0.3805069625377655,-275,889,0.6483882069587708
-472,1032,-0.33436018228530884,-463,1026,-0.3830743432044983,-460,1026,-0.3825835585594177,-456,1027,-0.3823368549346924,-470,1026,-0.3408295214176178,-471,1027,-0.3403615355491638,-471,1028,-0.34040185809135437,-443,1036,-0.5014828443527222,-465,1035,-0.3442935049533844,-464,1041,-0.3509611487388611,-471,1042,-0.29410549998283386,-406,1075,-0.5466539859771729,-423,1041,-0.1810278594493866,-350,1088,-0.5848997831344604,-315,853,-0.13345634937286377,-391,1056,-0.4886236786842346,-171,793,-0.18882028758525848,-421,1056,-0.5255025029182434,-139,795,-0.24943110346794128,-402,1043,-0.5142356157302856,-129,788,-0.24928878247737885,-387,1047,-0.47687071561813354,-146,783,-0.19796067476272583,-545,1207,-0.14917747676372528,-560,1213,0.14972184598445892,-392,1047,-0.18670371174812317,-408,1009,0.07657013833522797,-396,1066,0.3964836597442627,-328,1055,0.561072051525116,-404,1081,0.4386659264564514,-322,1069,0.6007658839225769,-381,1031,0.2681669592857361,-302,1017,0.5674570202827454
-396,1107,-0.44489893317222595,-385,1098,-0.46127650141716003,-382,1102,-0.4607662558555603,-380,1106,-0.46033796668052673,-390,1089,-0.44055506587028503,-391,1086,-0.44012370705604553,-392,1083,-0.44016188383102417,-380,1119,-0.47179457545280457,-392,1087,-0.3343898355960846,-396,1128,-0.4033498167991638,-404,1117,-0.37498828768730164,-373,1221,-0.43897369503974915,-409,1102,-0.22786228358745575,-355,1301,-0.5166472792625427,-288,1007,-0.2645427882671356,-403,1293,-0.4701237976551056,-127,989,-0.19061946868896484,-429,1293,-0.4924318194389343,-89,992,-0.24894225597381592,-412,1278,-0.5098629593849182,-84,983,-0.220066636800766,-400,1276,-0.4762866199016571,-102,981,-0.19243958592414856,-522,1369,-0.1421087086200714,-581,1324,0.14275221526622772,-357,1182,-0.39051690697669983,-442,1092,-0.13435016572475433,-387,1159,0.0985976830124855,-334,1144,0.22492747008800507,-402,1161,0.13032028079032898,-325,1155,0.25017231702804565,-385,1145,-0.10555269569158554,-314,1111,0.12217952311038971
-381,1246,-0.38908708095550537,-355,1231,-0.43901047110557556,-345,1235,-0.43903499841690063,-336,1239,-0.4384255111217499,-381,1218,-0.38341832160949707,-372,1214,-0.38294702768325806,-367,1209,-0.38298553228378296,-329,1246,-0.1384648084640503,-367,1205,-0.2035193145275116,-383,1269,-0.3167150020599365,-374,1254,-0.3344229459762573,-328,1354,-0.08702743053436279,-414,1229,-0.23499873280525208,-263,1364,-0.20159006118774414,-286,1197,-0.41728079319000244,-192,1300,-0.2368677258491516,-27,1168,-0.34200137853622437,-183,1283,-0.2761138379573822,29,1169,-0.4414200186729431,-177,1270,-0.3155660331249237,26,1159,-0.37346234917640686,-181,1273,-0.26198670268058777,5,1161,-0.3322300612926483,-532,1548,-0.08631616830825806,-619,1477,0.08881542831659317,-366,1391,-0.4426185190677643,-584,1251,-0.33081695437431335,-481,1480,0.00040158123010769486,-474,1368,-0.007088338490575552,-508,1492,0.027017030864953995,-458,1385,0.017160454764962196,-513,1510,-0.26655182242393494,-485,1352,-0.18376107513904572
-217,843,-0.2585623860359192,-215,834,-0.3015883266925812,-216,832,-0.3012021780014038,-217,830,-0.30093470215797424,-217,843,-0.2944023013114929,-218,847,-0.294015496969223,-219,851,-0.2941465377807617,-238,834,-0.3800925314426422,-238,866,-0.33928751945495605,-229,847,-0.2575635313987732,-230,857,-0.24808934330940247,-276,860,-0.4218183159828186,-253,906,-0.19190667569637299,-219,832,-0.4310365319252014,-155,713,-0.24673539400100708,-233,783,-0.38579192757606506,-2,644,-0.328398734331131,-253,770,-0.4139345586299896,35,648,-0.3556864261627197,-233,773,-0.40569251775741577,35,632,-0.3755667507648468,-223,782,-0.37594693899154663,16,625,-0.3411015570163727,-494,1071,-0.10848833620548248,-481,1114,0.10914262384176254,-338,935,0.08800388872623444,-323,963,0.2762364149093628,-301,924,0.6960364580154419,-226,916,0.7975722551345825,-298,931,0.7384681105613708,-226,915,0.8445313572883606,-279,877,0.5593386888504028,-177,846,0.7530729174613953
-288,981,-0.3160598874092102,-274,974,-0.3356334865093231,-271,976,-0.3351134657859802,-267,978,-0.33465293049812317,-283,968,-0.32722362875938416,-285,967,-0.3266266882419586,-288,966,-0.32649797201156616,-269,991,-0.3395037055015564,-295,974,-0.2872201204299927,-291,998,-0.27918583154678345,-300,993,-0.26657623052597046,-288,1076,-0.3605186641216278,-332,999,-0.1840541511774063,-276,1096,-0.4297493100166321,-206,847,-0.26264870166778564,-312,1069,-0.3864363133907318,-44,812,-0.29510051012039185,-334,1065,-0.4139419198036194,-5,815,-0.34306401014328003,-319,1055,-0.4233965575695038,-3,805,-0.32521185278892517,-306,1058,-0.38545113801956177,-20,802,-0.2985438108444214,-519,1257,-0.12059051543474197,-561,1230,0.12132398039102554,-335,1063,-0.20633354783058167,-371,985,-0.011038579978048801,-298,976,0.31124964356422424,-234,978,0.4111749231815338,-298,967,0.3399701714515686,-232,980,0.44273680448532104,-268,937,0.02512291446328163,-178,918,0.2603658437728882
-312,1107,-0.36065229773521423,-291,1098,-0.3531278073787689,-287,1103,-0.3526102304458618,-283,1108,-0.3521239757537842,-301,1086,-0.3476014733314514,-303,1083,-0.3469584286212921,-305,1079,-0.3468989133834839,-276,1127,-0.24729712307453156,-307,1087,-0.21483460068702698,-312,1132,-0.290416955947876,-323,1119,-0.28249669075012207,-287,1237,-0.2695377767086029,-346,1118,-0.16679847240447998,-265,1238,-0.4175548553466797,-197,1032,-0.303413063287735,-292,1125,-0.3780907392501831,-41,1012,-0.2915780544281006,-302,1093,-0.40997204184532166,-4,1014,-0.35119614005088806,-291,1084,-0.4109586477279663,3,1007,-0.3206937611103058,-285,1096,-0.3786570727825165,-14,1008,-0.2904331386089325,-533,1419,-0.12588590383529663,-600,1358,0.12692610919475555,-337,1240,-0.36417582631111145,-448,1084,-0.1979798525571823,-371,1186,0.20431049168109894,-337,1140,0.2794872522354126,-388,1180,0.23854172229766846,-331,1151,0.3148868978023529,-365,1169,-0.06448414921760559,-323,1087,0.13451358675956726
-290,1316,-0.34329754114151,-275,1301,-0.2904912531375885,-273,1305,-0.29023465514183044,-273,1310,-0.2896971106529236,-282,1285,-0.3197616934776306,-285,1278,-0.3192381262779236,-288,1272,-0.3193111717700958,-269,1312,-0.04545878246426582,-298,1260,-0.15267007052898407,-296,1336,-0.21423748135566711,-309,1318,-0.25015348196029663,-282,1404,-0.02809744141995907,-369,1267,-0.18042278289794922,-199,1359,-0.14500057697296143,-191,1236,-0.3652641177177429,-109,1215,-0.18568222224712372,8,1230,-0.25496023893356323,-97,1178,-0.23934204876422882,56,1242,-0.33710601925849915,-87,1165,-0.25564083456993103,62,1232,-0.2885899841785431,-91,1178,-0.20382806658744812,43,1230,-0.24851782619953156,-558,1598,-0.08095836639404297,-641,1510,0.08382241427898407,-390,1472,-0.43282195925712585,-614,1306,-0.35585999488830566,-550,1559,0.005778809078037739,-564,1412,-0.019256995990872383,-585,1568,0.03047814592719078,-560,1432,0.005346057936549187,-594,1600,-0.2676292359828949,-591,1376,-0.21284377574920654
-201,895,-0.25670602917671204,-204,893,-0.311580628156662,-206,888,-0.31131574511528015,-208,883,-0.3111060559749603,-203,908,-0.3043762743473053,-204,913,-0.30392560362815857,-204,919,-0.30408328771591187,-229,881,-0.43840035796165466,-221,931,-0.3900145888328552,-213,887,-0.27359187602996826,-210,903,-0.2616642713546753,-266,864,-0.4481930434703827,-223,943,-0.25707194209098816,-219,820,-0.38705840706825256,-126,714,-0.3067197799682617,-248,776,-0.41132569313049316,41,585,-0.3515259623527527,-275,765,-0.4548320770263672,87,578,-0.377302348613739,-251,767,-0.43827319145202637,82,554,-0.3787161111831665,-237,776,-0.40057092905044556,60,551,-0.3533886671066284,-413,1061,-0.09564255177974701,-387,1115,0.09651710093021393,-339,973,0.1026894822716713,-293,1013,0.24883338809013367,-326,997,0.6538766622543335,-236,989,0.7432320713996887,-321,1012,0.6937999129295349,-238,994,0.7886971235275269,-321,961,0.547529399394989,-211,928,0.7263563275337219
-377,983,-0.34124046564102173,-375,981,-0.4027569591999054,-374,979,-0.4022943377494812,-373,977,-0.4020175337791443,-376,991,-0.3702395260334015,-376,995,-0.369804710149765,-375,999,-0.37005338072776794,-374,983,-0.5611534714698792,-377,1013,-0.40190213918685913,-376,983,-0.37248122692108154,-376,994,-0.3274466395378113,-358,992,-0.5852828025817871,-347,1023,-0.2710263729095459,-278,972,-0.612507700920105,-267,841,-0.18366976082324982,-304,916,-0.5468491315841675,-157,756,-0.22373832762241364,-329,911,-0.5912070274353027,-133,755,-0.26888641715049744,-313,902,-0.5829423666000366,-131,746,-0.30158665776252747,-300,908,-0.5364219546318054,-144,742,-0.24146756529808044,-494,1153,-0.12252365797758102,-480,1179,0.12344211339950562,-386,991,0.003699989290907979,-359,1001,0.16880330443382263,-366,996,0.5671711564064026,-291,986,0.6873036623001099,-366,1009,0.6072281002998352,-291,993,0.7325301766395569,-344,956,0.46019119024276733,-259,927,0.6871184706687927
-424,1042,-0.30774015188217163,-417,1034,-0.3732183277606964,-415,1033,-0.372267484664917,-414,1032,-0.37163496017456055,-419,1039,-0.32723015546798706,-419,1042,-0.3267405331134796,-419,1044,-0.3265751898288727,-408,1039,-0.5209294557571411,-415,1055,-0.3325994610786438,-419,1048,-0.32776889204978943,-421,1054,-0.2720372676849365,-386,1064,-0.5708258152008057,-369,1080,-0.22801443934440613,-295,1077,-0.5309522151947021,-252,925,-0.12609101831912994,-301,1044,-0.5280343890190125,-111,868,-0.14353692531585693,-324,1041,-0.5494236946105957,-81,872,-0.20465239882469177,-305,1032,-0.545524537563324,-78,862,-0.2123120129108429,-293,1038,-0.5207966566085815,-94,855,-0.1539374589920044,-530,1210,-0.1378057450056076,-522,1247,0.13869336247444153,-376,1030,-0.09929762780666351,-371,1027,0.10120035707950592,-364,1023,0.4819168448448181,-280,1027,0.5970941781997681,-360,1033,0.5247692465782166,-279,1031,0.6377817392349243,-324,990,0.3445221781730652,-250,980,0.5528101921081543
-399,1122,-0.3936538100242615,-384,1116,-0.4304369390010834,-380,1118,-0.429861843585968,-377,1121,-0.42939963936805725,-390,1110,-0.4037879705429077,-392,1109,-0.4033862054347992,-393,1108,-0.4033585488796234,-372,1130,-0.5103419423103333,-393,1112,-0.3441871702671051,-397,1136,-0.37589144706726074,-405,1130,-0.3409348726272583,-362,1189,-0.565437376499176,-387,1128,-0.23077787458896637,-305,1238,-0.5453065037727356,-252,1023,-0.15463174879550934,-313,1212,-0.5160463452339172,-102,998,-0.19723379611968994,-333,1209,-0.541046142578125,-68,1003,-0.24955260753631592,-315,1195,-0.5540909767150879,-63,996,-0.24107703566551208,-304,1198,-0.5159510374069214,-79,991,-0.20116564631462097,-524,1332,-0.1427227407693863,-557,1321,0.14345824718475342,-375,1167,-0.2360251545906067,-405,1101,-0.030731482431292534,-363,1139,0.2676343619823456,-293,1137,0.38989222049713135,-368,1142,0.30021825432777405,-285,1145,0.42217689752578735,-341,1112,0.0739738941192627,-263,1099,0.3168296217918396
-387,1190,-0.3924066424369812,-330,1178,-0.40358346700668335,-318,1182,-0.40303903818130493,-308,1186,-0.40265119075775146,-371,1166,-0.3861033022403717,-389,1162,-0.3856949210166931,-373,1158,-0.38577938079833984,-294,1199,-0.2082710564136505,-377,1159,-0.2229253500699997,-385,1214,-0.35958513617515564,-363,1200,-0.32582157850265503,-295,1319,-0.1592167168855667,-373,1187,-0.23164883255958557,-292,1381,-0.2664283215999603,-230,1154,-0.3910355865955353,-270,1349,-0.2879188656806946,-47,1133,-0.32494837045669556,-268,1344,-0.3124782145023346,9,1133,-0.4117289185523987,-263,1328,-0.34415531158447266,8,1124,-0.34501367807388306,-264,1326,-0.3059431314468384,-11,1127,-0.31436583399772644,-508,1504,-0.0975462943315506,-578,1431,0.09970911592245102,-372,1376,-0.40900176763534546,-522,1232,-0.26356467604637146,-469,1453,0.03961341828107834,-431,1348,0.05465201660990715,-491,1465,0.06725593656301498,-419,1367,0.07779857516288757,-507,1473,-0.20247147977352142,-445,1330,-0.09911482781171799
-265,890,-0.2434207648038864,-263,888,-0.2953589856624603,-264,885,-0.2950286269187927,-265,881,-0.2947266101837158,-261,901,-0.2686482071876526,-261,906,-0.26821839809417725,-260,911,-0.2683781385421753,-276,883,-0.43298831582069397,-267,925,-0.2996653616428375,-273,887,-0.269670695066452,-269,901,-0.23284772038459778,-303,873,-0.505273699760437,-254,948,-0.123843714594841,-305,844,-0.5219967365264893,-208,757,-0.07400010526180267,-359,779,-0.47088876366615295,-76,654,-0.15868744254112244,-392,762,-0.5158238410949707,-35,651,-0.1902836114168167,-363,760,-0.4892648160457611,-37,627,-0.21564747393131256,-346,773,-0.45064282417297363,-57,624,-0.17201215028762817,-432,1055,-0.13318593800067902,-402,1108,0.13411103188991547,-355,920,0.021509481593966484,-317,948,0.242288276553154,-308,889,0.4607985019683838,-233,875,0.6392347812652588,-300,894,0.493071049451828,-233,876,0.6754110455513,-286,849,0.35609516501426697,-188,804,0.6208018064498901
-424,974,-0.2788063585758209,-421,967,-0.33434081077575684,-419,964,-0.3337934911251068,-417,963,-0.33348479866981506,-423,974,-0.2971329987049103,-423,977,-0.29669031500816345,-422,980,-0.2967178225517273,-410,967,-0.4887542724609375,-417,990,-0.3060673177242279,-417,978,-0.30959632992744446,-419,987,-0.25843891501426697,-383,985,-0.5415107011795044,-367,1009,-0.20207318663597107,-317,958,-0.5851044654846191,-283,816,-0.11870793998241425,-359,901,-0.4892762005329132,-149,712,-0.17898105084896088,-389,894,-0.528601884841919,-118,706,-0.23380887508392334,-364,888,-0.5203189849853516,-114,694,-0.2510996162891388,-348,895,-0.4780046343803406,-131,692,-0.19363516569137573,-516,1139,-0.13579489290714264,-496,1170,0.1366456001996994,-392,965,-0.050720397382974625,-375,964,0.12714987993240356,-356,963,0.48742538690567017,-285,958,0.6333877444267273,-356,976,0.5292940139770508,-279,966,0.6738904714584351,-322,917,0.37842249870300293,-244,905,0.618959903717041
-491,1045,-0.3373253047466278,-481,1036,-0.38466745615005493,-477,1036,-0.3840591013431549,-473,1037,-0.383719265460968,-488,1036,-0.3416394591331482,-488,1037,-0.3411729335784912,-489,1037,-0.3410838544368744,-456,1044,-0.4906202554702759,-479,1043,-0.297436386346817,-480,1056,-0.34757158160209656,-488,1056,-0.2894817888736725,-411,1086,-0.5292587876319885,-431,1059,-0.18909160792827606,-354,1108,-0.5773762464523315,-326,900,-0.10769341886043549,-380,1083,-0.45002591609954834,-194,843,-0.07483978569507599,-404,1084,-0.4706650674343109,-165,842,-0.12300467491149902,-386,1071,-0.48170334100723267,-156,837,-0.11989501863718033,-374,1074,-0.4461747705936432,-172,834,-0.0818556398153305,-542,1213,-0.14716501533985138,-558,1220,0.14781586825847626,-388,1033,-0.1973465532064438,-416,995,0.03542430326342583,-392,1028,0.3316458761692047,-329,1028,0.4863519072532654,-402,1039,0.3682944178581238,-321,1038,0.5222097635269165,-371,992,0.18383945524692535,-296,995,0.4575241208076477
-419,1144,-0.41261810064315796,-465,1136,-0.41870108246803284,-462,1139,-0.4182063937187195,-437,1142,-0.41782769560813904,-427,1127,-0.4016067087650299,-421,1125,-0.4011651575565338,-415,1122,-0.4011789858341217,-401,1152,-0.38423416018486023,-408,1124,-0.2922898232936859,-413,1161,-0.3696047067642212,-408,1152,-0.3447943925857544,-365,1232,-0.4035213887691498,-398,1131,-0.2191189080476761,-316,1252,-0.5340114831924438,-295,1014,-0.3387293219566345,-318,1217,-0.4477357268333435,-81,958,-0.27796316146850586,-333,1212,-0.46953392028808594,-35,953,-0.3399813175201416,-323,1201,-0.48178723454475403,-35,945,-0.28968408703804016,-316,1201,-0.44665247201919556,-51,947,-0.27205589413642883,-517,1389,-0.13808748126029968,-569,1351,0.13901285827159882,-349,1218,-0.3936741352081299,-441,1129,-0.16832196712493896,-386,1183,0.037170760333538055,-323,1166,0.14940065145492554,-402,1183,0.062161076813936234,-315,1173,0.17150086164474487,-384,1169,-0.1758081316947937,-292,1133,0.047126561403274536
-387,1236,-0.4226951599121094,-375,1222,-0.40613293647766113,-365,1226,-0.40577447414398193,-348,1230,-0.4054472744464874,-386,1212,-0.41247716546058655,-394,1208,-0.41204679012298584,-407,1204,-0.4121602773666382,-327,1241,-0.22789685428142548,-397,1204,-0.27355867624282837,-377,1259,-0.3518504798412323,-397,1246,-0.3496616780757904,-309,1357,-0.1499449610710144,-399,1229,-0.30254390835762024,-271,1409,-0.25677981972694397,-291,1204,-0.4701906442642212,-229,1382,-0.285780668258667,-44,1168,-0.37123748660087585,-224,1378,-0.3155677318572998,7,1162,-0.458752304315567,-222,1362,-0.358215868473053,3,1154,-0.39118871092796326,-224,1359,-0.31045299768447876,-15,1159,-0.3603281080722809,-512,1544,-0.07924836874008179,-587,1470,0.08193312585353851,-377,1423,-0.4190431237220764,-537,1263,-0.28933149576187134,-480,1519,0.006254417356103659,-418,1379,-0.012428586371243,-499,1533,0.03300240635871887,-401,1395,0.008709996938705444,-525,1541,-0.24407728016376495,-423,1370,-0.17049725353717804
-287,905,-0.2320619523525238,-288,905,-0.28484752774238586,-289,901,-0.28451618552207947,-290,897,-0.28426581621170044,-287,918,-0.26183784008026123,-287,924,-0.26134946942329407,-287,929,-0.2615126967430115,-301,898,-0.42789286375045776,-295,941,-0.30762118101119995,-293,899,-0.25833451747894287,-290,914,-0.22551147639751434,-319,881,-0.47526535391807556,-276,951,-0.15674999356269836,-296,849,-0.45353734493255615,-210,742,-0.10286318510770798,-338,791,-0.4213005304336548,-66,629,-0.15988530218601227,-366,778,-0.46520668268203735,-25,624,-0.1911405622959137,-342,777,-0.44313308596611023,-25,604,-0.21062810719013214,-327,787,-0.4037413001060486,-45,601,-0.16960684955120087,-443,1052,-0.12003239244222641,-411,1104,0.12095895409584045,-362,927,0.050189048051834106,-320,958,0.2532186210155487,-318,928,0.5470948815345764,-241,913,0.7036693096160889,-312,940,0.5842122435569763,-239,918,0.7447954416275024,-297,886,0.46390610933303833,-204,846,0.7074111700057983
-430,964,-0.3022938072681427,-428,958,-0.35761308670043945,-426,956,-0.35712745785713196,-425,954,-0.3569648563861847,-430,965,-0.3188154399394989,-429,968,-0.3183535933494568,-428,971,-0.31843477487564087,-419,960,-0.5186257362365723,-424,982,-0.3258419632911682,-424,969,-0.3367208242416382,-426,977,-0.2827436029911041,-391,988,-0.5672301054000854,-374,997,-0.2307761311531067,-313,976,-0.6128536462783813,-285,790,-0.17183983325958252,-344,927,-0.5267764329910278,-147,685,-0.2480907142162323,-372,924,-0.5631954669952393,-115,678,-0.3036988377571106,-353,915,-0.5529670119285583,-111,667,-0.31919053196907043,-339,920,-0.5152965784072876,-128,666,-0.26309657096862793,-530,1146,-0.13762332499027252,-510,1168,0.13843856751918793,-410,976,-0.03897984325885773,-395,967,0.16021794080734253,-390,974,0.5444668531417847,-316,965,0.6937136054039001,-391,987,0.584094226360321,-311,974,0.7389774918556213,-361,929,0.44641393423080444,-282,914,0.6959963440895081
-448,1015,-0.2895972728729248,-441,1008,-0.3431679904460907,-438,1008,-0.3427150249481201,-435,1007,-0.34251096844673157,-445,1011,-0.30883800983428955,-445,1012,-0.30837318301200867,-444,1014,-0.3085164427757263,-427,1015,-0.5112414956092834,-440,1024,-0.2703090012073517,-442,1024,-0.31973251700401306,-446,1028,-0.2799537479877472,-399,1052,-0.5412412285804749,-398,1047,-0.18432538211345673,-323,1067,-0.56220543384552,-290,882,-0.1569279283285141,-344,1047,-0.47630274295806885,-150,822,-0.23236417770385742,-370,1049,-0.48581045866012573,-119,825,-0.27287569642066956,-353,1040,-0.5167540907859802,-113,815,-0.29940739274024963,-338,1044,-0.4846772253513336,-130,809,-0.24651920795440674,-551,1213,-0.14622615277767181,-554,1236,0.1469910442829132,-400,1052,-0.14402449131011963,-402,1035,0.1115243211388588,-387,1058,0.4283751845359802,-316,1056,0.5785970687866211,-391,1070,0.4676389694213867,-310,1064,0.6155012845993042,-368,1023,0.28265833854675293,-282,1015,0.5399594306945801
-411,1158,-0.44179317355155945,-398,1149,-0.4598638415336609,-396,1153,-0.45940595865249634,-394,1157,-0.45900779962539673,-404,1139,-0.43925008177757263,-405,1135,-0.43883419036865234,-406,1132,-0.4389290511608124,-400,1166,-0.48670655488967896,-405,1132,-0.30970320105552673,-409,1177,-0.40147513151168823,-418,1165,-0.37456297874450684,-389,1253,-0.47543516755104065,-414,1140,-0.24225018918514252,-336,1317,-0.546317458152771,-278,1051,-0.31964313983917236,-358,1295,-0.48454442620277405,-126,1021,-0.2570667862892151,-378,1291,-0.5037667155265808,-78,1023,-0.3199935853481293,-365,1277,-0.5364871621131897,-74,1014,-0.2913743555545807,-355,1275,-0.4929746091365814,-91,1014,-0.2555922567844391,-532,1396,-0.14458711445331573,-589,1354,0.14539282023906708,-358,1216,-0.4002285599708557,-442,1128,-0.144693523645401,-384,1187,0.06508306413888931,-304,1161,0.19404008984565735,-395,1189,0.093033067882061,-297,1165,0.2166270762681961,-379,1174,-0.1609247922897339,-270,1127,0.07468007504940033
-366,1258,-0.4087649881839752,-342,1243,-0.4092499315738678,-337,1247,-0.4088340103626251,-332,1251,-0.40851083397865295,-358,1233,-0.40876656770706177,-365,1229,-0.40825971961021423,-372,1225,-0.40833768248558044,-333,1258,-0.20198462903499603,-388,1223,-0.29120567440986633,-367,1279,-0.3963741064071655,-395,1267,-0.34698957204818726,-325,1365,-0.1227695494890213,-415,1244,-0.31869691610336304,-263,1402,-0.2222900688648224,-271,1228,-0.4937448501586914,-184,1352,-0.3052825629711151,-46,1191,-0.41726192831993103,-172,1338,-0.34569481015205383,6,1185,-0.5197253823280334,-167,1323,-0.3968917727470398,3,1175,-0.4533422589302063,-172,1324,-0.3366338610649109,-15,1180,-0.40818914771080017,-533,1557,-0.07619065046310425,-614,1485,0.07927233725786209,-389,1436,-0.4083504378795624,-561,1274,-0.2951291799545288,-493,1532,0.05230628699064255,-444,1395,0.0148851303383708,-514,1544,0.08179089426994324,-427,1412,0.03816580772399902,-535,1560,-0.2093220204114914,-453,1386,-0.15776261687278748
-289,886,-0.24554690718650818,-289,889,-0.2992957830429077,-290,886,-0.29891306161880493,-291,883,-0.2985672056674957,-286,901,-0.2699488401412964,-285,906,-0.26945608854293823,-283,910,-0.2696487009525299,-297,883,-0.43919938802719116,-285,921,-0.2946758270263672,-294,879,-0.27344247698783875,-288,892,-0.233130544424057,-303,861,-0.5088820457458496,-269,926,-0.12288457155227661,-303,827,-0.5296202301979065,-231,756,-0.05140947550535202,-356,763,-0.4609738290309906,-114,672,-0.12887805700302124,-384,750,-0.5108293890953064,-78,672,-0.16091595590114594,-361,747,-0.4817608892917633,-79,652,-0.19407756626605988,-345,757,-0.4407006800174713,-97,648,-0.14541876316070557,-416,1023,-0.13380877673625946,-396,1065,0.13464757800102234,-340,887,-0.020675839856266975,-303,898,0.19868651032447815,-295,865,0.3936566412448883,-229,850,0.5700811147689819,-287,870,0.42367616295814514,-227,854,0.6048263311386108,-277,830,0.30306610465049744,-191,788,0.5702275633811951
-425,949,-0.2643504738807678,-420,942,-0.3166543245315552,-417,941,-0.31631526350975037,-415,940,-0.31616196036338806,-422,946,-0.27744585275650024,-422,947,-0.27698448300361633,-421,949,-0.2771555483341217,-402,944,-0.462872177362442,-412,955,-0.28262290358543396,-417,955,-0.29564186930656433,-420,960,-0.24171213805675507,-369,970,-0.5206471681594849,-359,969,-0.15817663073539734,-348,962,-0.5619537234306335,-288,801,-0.09972003847360611,-401,908,-0.4710453152656555,-172,716,-0.14369428157806396,-429,902,-0.5120757222175598,-144,710,-0.181598961353302,-413,892,-0.49053895473480225,-139,700,-0.20164434611797333,-399,898,-0.4547664523124695,-155,699,-0.15718775987625122,-491,1109,-0.13532868027687073,-487,1123,0.13605329394340515,-382,971,-0.11610300093889236,-388,948,0.12057354301214218,-402,997,0.3617316484451294,-339,975,0.5357039570808411,-409,1016,0.393688827753067,-336,987,0.5700225830078125,-387,955,0.26758456230163574,-318,937,0.5486341714859009
-404,1017,-0.38744959235191345,-391,1011,-0.4200175106525421,-388,1013,-0.41953954100608826,-384,1016,-0.41921162605285645,-398,1007,-0.38348153233528137,-399,1006,-0.3831331729888916,-400,1005,-0.38312390446662903,-375,1027,-0.4732074737548828,-396,1011,-0.29436320066452026,-399,1031,-0.3791257441043854,-407,1026,-0.3298250734806061,-353,1087,-0.5068758130073547,-387,1024,-0.20512625575065613,-338,1129,-0.5622061491012573,-279,914,-0.17253296077251434,-353,1120,-0.49145638942718506,-166,864,-0.1558482050895691,-373,1126,-0.5181039571762085,-134,863,-0.20585905015468597,-362,1113,-0.5311936140060425,-130,855,-0.20175114274024963,-353,1112,-0.49149826169013977,-141,852,-0.16217195987701416,-488,1214,-0.14103904366493225,-519,1199,0.1417178064584732,-367,1050,-0.2690074145793915,-401,996,-0.024099647998809814,-372,1041,0.19250831007957458,-306,1035,0.3491996228694916,-380,1050,0.22256265580654144,-301,1043,0.3799513280391693,-357,1011,0.022709086537361145,-277,1007,0.30390608310699463
-365,1102,-0.45820602774620056,-332,1089,-0.45158031582832336,-325,1092,-0.45117631554603577,-318,1096,-0.4507978558540344,-353,1080,-0.4416557550430298,-362,1077,-0.4411800503730774,-372,1074,-0.44113636016845703,-309,1105,-0.36201125383377075,-384,1075,-0.2947632968425751,-360,1121,-0.39845216274261475,-400,1111,-0.38404324650764465,-300,1201,-0.3520469069480896,-373,1095,-0.2682022750377655,-287,1230,-0.49184879660606384,-239,1034,-0.4216128885746002,-271,1202,-0.4697234332561493,-49,981,-0.39287930727005005,-273,1199,-0.4955979883670807,0,975,-0.46748510003089905,-270,1188,-0.5237703323364258,-3,967,-0.41975411772727966,-268,1186,-0.4860190749168396,-21,971,-0.38787922263145447,-474,1363,-0.12561483681201935,-534,1311,0.12698039412498474,-320,1205,-0.4095085561275482,-442,1102,-0.1729559302330017,-385,1198,0.010974670760333538,-333,1172,0.12473268806934357,-405,1200,0.03538711741566658,-322,1182,0.1453399360179901,-396,1199,-0.2049376368522644,-324,1157,0.018052654340863228
-301,892,-0.27949774265289307,-302,894,-0.33477210998535156,-302,891,-0.334364652633667,-303,887,-0.33405280113220215,-298,906,-0.3072372078895569,-297,910,-0.3067174255847931,-296,915,-0.3068726062774658,-309,888,-0.4760306775569916,-296,925,-0.33869460225105286,-305,885,-0.3047478199005127,-300,899,-0.26680228114128113,-313,865,-0.5327528119087219,-271,929,-0.15764658153057098,-305,813,-0.5286850333213806,-221,735,-0.07847818732261658,-354,740,-0.4414524435997009,-92,638,-0.14926688373088837,-383,724,-0.49166369438171387,-53,636,-0.18273968994617462,-358,722,-0.4615553915500641,-53,616,-0.21028825640678406,-343,733,-0.4204690158367157,-73,613,-0.16284765303134918,-422,1022,-0.13283830881118774,-397,1067,0.13359743356704712,-345,896,-0.000443944038124755,-309,919,0.2436101734638214,-306,896,0.45576682686805725,-241,879,0.6455910801887512,-300,908,0.4889490604400635,-239,884,0.6836714148521423,-285,860,0.3727344870567322,-207,818,0.659658670425415
-396,941,-0.27871042490005493,-392,935,-0.3336852490901947,-390,933,-0.33327361941337585,-389,932,-0.33301931619644165,-394,941,-0.30174052715301514,-394,943,-0.3012778162956238,-393,946,-0.30138611793518066,-384,937,-0.47635772824287415,-390,956,-0.3124484419822693,-392,946,-0.304740846157074,-394,952,-0.2626071870326996,-365,960,-0.5327428579330444,-346,971,-0.19194510579109192,-307,956,-0.5525320768356323,-256,788,-0.14009138941764832,-350,908,-0.4653994143009186,-126,700,-0.19511781632900238,-378,904,-0.499996542930603,-97,696,-0.2415744960308075,-357,894,-0.48858514428138733,-93,686,-0.25353190302848816,-342,900,-0.45319420099258423,-109,684,-0.20669147372245789,-501,1113,-0.13522565364837646,-486,1140,0.13597838580608368,-377,961,-0.07510515302419662,-366,955,0.14552021026611328,-373,972,0.4569058120250702,-298,962,0.621080219745636,-377,987,0.49387994408607483,-296,971,0.6619219779968262,-351,931,0.3698904812335968,-267,913,0.6243245005607605
-432,1008,-0.29626354575157166,-420,1002,-0.34178614616394043,-417,1003,-0.3413159251213074,-413,1004,-0.3410198986530304,-426,1001,-0.30320993065834045,-427,1002,-0.3027637004852295,-427,1002,-0.3028024137020111,-401,1014,-0.45469725131988525,-421,1011,-0.25141870975494385,-426,1020,-0.3088199496269226,-433,1020,-0.26210707426071167,-375,1058,-0.4957132339477539,-391,1031,-0.16032089293003082,-318,1081,-0.5508017539978027,-278,884,-0.1381896734237671,-350,1057,-0.4643023908138275,-147,835,-0.13488014042377472,-377,1058,-0.4846329987049103,-118,835,-0.18509633839130402,-358,1047,-0.4858512282371521,-110,830,-0.17573949694633484,-344,1050,-0.44991952180862427,-125,826,-0.14142124354839325,-520,1201,-0.14840324223041534,-536,1209,0.14904402196407318,-373,1040,-0.22915689647197723,-388,1001,0.013367070816457272,-367,1032,0.24945904314517975,-295,1034,0.4124859869480133,-373,1041,0.2806658148765564,-289,1043,0.4433298707008362,-348,1000,0.08736704289913177,-262,1001,0.3684401214122772
-338,1109,-0.32133784890174866,-315,1102,-0.33360809087753296,-311,1105,-0.3331792950630188,-306,1109,-0.33281266689300537,-328,1094,-0.30839425325393677,-333,1091,-0.30794215202331543,-338,1089,-0.30795326828956604,-307,1118,-0.22249512374401093,-353,1093,-0.18611988425254822,-344,1124,-0.28394609689712524,-364,1115,-0.26213452219963074,-314,1190,-0.2486976832151413,-366,1104,-0.15059778094291687,-235,1169,-0.40685534477233887,-211,995,-0.29419100284576416,-188,1101,-0.3767089247703552,-36,935,-0.2669983208179474,-188,1087,-0.4074576795101166,5,931,-0.33284619450569153,-177,1080,-0.41711312532424927,0,924,-0.28861746191978455,-176,1084,-0.38239365816116333,-14,927,-0.2641284465789795,-495,1371,-0.12494215369224548,-539,1334,0.1262088567018509,-326,1220,-0.34516027569770813,-414,1132,-0.15073969960212708,-364,1178,0.08735642582178116,-301,1165,0.1702422946691513,-378,1174,0.11214962601661682,-297,1172,0.19435115158557892,-365,1167,-0.1206766739487648,-274,1131,0.06986477226018906
-326,1196,-0.48177433013916016,-304,1183,-0.45695677399635315,-298,1187,-0.45663055777549744,-293,1191,-0.45637884736061096,-319,1172,-0.46931883692741394,-325,1169,-0.4689106345176697,-331,1165,-0.4689940810203552,-289,1202,-0.2771225571632385,-348,1168,-0.2817343473434448,-327,1220,-0.3866786062717438,-356,1208,-0.4038238525390625,-283,1323,-0.192986398935318,-383,1196,-0.36910802125930786,-232,1379,-0.3000488579273224,-216,1175,-0.548547625541687,-180,1335,-0.3258413076400757,-17,1139,-0.46059852838516235,-173,1323,-0.3543510138988495,37,1134,-0.5521749258041382,-168,1308,-0.39015570282936096,32,1122,-0.478263795375824,-170,1308,-0.34713825583457947,12,1127,-0.4467618465423584,-490,1513,-0.07145825773477554,-566,1441,0.07396481931209564,-346,1389,-0.3916178345680237,-509,1237,-0.26796168088912964,-447,1467,0.06307414919137955,-396,1346,0.047405093908309937,-465,1479,0.09303945302963257,-381,1362,0.07238863408565521,-491,1487,-0.17211773991584778,-403,1337,-0.09794557839632034
-195,771,-0.31494012475013733,-193,763,-0.35666951537132263,-194,760,-0.3564084470272064,-194,758,-0.3562953770160675,-194,772,-0.34277644753456116,-195,776,-0.3424876630306244,-196,779,-0.3427187502384186,-214,763,-0.43852901458740234,-213,796,-0.3679802417755127,-208,775,-0.31947553157806396,-208,785,-0.3012421429157257,-255,795,-0.47334885597229004,-228,842,-0.22853729128837585,-197,771,-0.49057501554489136,-141,667,-0.2849479019641876,-201,715,-0.46945977210998535,5,595,-0.3765839636325836,-218,701,-0.4995080828666687,43,597,-0.4058733582496643,-196,703,-0.4951152801513672,42,579,-0.4259633421897888,-188,713,-0.46200281381607056,23,574,-0.3894858956336975,-460,1008,-0.11060504615306854,-440,1044,0.11115854978561401,-340,902,0.09465378522872925,-305,930,0.27287641167640686,-288,902,0.6208049058914185,-207,882,0.7399874925613403,-277,911,0.6580100655555725,-205,881,0.7818940281867981,-276,861,0.5017127990722656,-167,814,0.7064390778541565
-262,927,-0.3330162465572357,-250,926,-0.3674255311489105,-247,928,-0.36718645691871643,-245,930,-0.36708512902259827,-256,923,-0.3469124436378479,-257,923,-0.34657251834869385,-259,923,-0.3468293845653534,-248,943,-0.4288761615753174,-267,931,-0.31628432869911194,-269,939,-0.3259364068508148,-274,936,-0.3013889491558075,-265,1009,-0.45676082372665405,-309,940,-0.19705988466739655,-249,1048,-0.5323832035064697,-229,813,-0.2779223620891571,-270,997,-0.5324610471725464,-103,792,-0.3508776128292084,-289,985,-0.5609799027442932,-75,800,-0.3900746703147888,-269,975,-0.563569188117981,-70,792,-0.3895816206932068,-259,981,-0.530402421951294,-83,786,-0.3610335886478424,-481,1189,-0.11764339357614517,-516,1160,0.11833897978067398,-339,1069,-0.18700428307056427,-371,1002,0.0885481983423233,-360,1064,0.34834715723991394,-323,1053,0.4931645691394806,-369,1070,0.3833469748497009,-324,1070,0.5228798389434814,-362,1046,0.1916615217924118,-320,1008,0.4322265386581421
-286,1058,-0.360358327627182,-268,1052,-0.36691704392433167,-264,1057,-0.3666175305843353,-260,1061,-0.36639562249183655,-277,1041,-0.3485381603240967,-280,1038,-0.3481229245662689,-282,1035,-0.34828582406044006,-257,1081,-0.2533353865146637,-287,1044,-0.20785292983055115,-289,1083,-0.31702008843421936,-300,1070,-0.3001948893070221,-266,1191,-0.275918573141098,-335,1071,-0.17510412633419037,-251,1196,-0.45239806175231934,-204,970,-0.32386356592178345,-292,1089,-0.4033498764038086,-67,970,-0.2825227975845337,-316,1057,-0.43750137090682983,-40,977,-0.34920164942741394,-301,1047,-0.4302350580692291,-31,972,-0.295797199010849,-289,1060,-0.4022858142852783,-47,971,-0.275346040725708,-489,1354,-0.11747358739376068,-553,1297,0.11825485527515411,-331,1182,-0.36608317494392395,-427,1064,-0.14826059341430664,-378,1162,0.15899713337421417,-353,1133,0.25614580512046814,-396,1163,0.19055402278900146,-350,1148,0.28358951210975647,-381,1155,-0.065580815076828,-357,1085,0.12994812428951263
-269,1222,-0.3230735659599304,-251,1211,-0.2814924716949463,-248,1215,-0.2812740206718445,-246,1220,-0.2809082865715027,-262,1197,-0.28313207626342773,-266,1192,-0.28270071744918823,-270,1187,-0.282844603061676,-253,1229,-0.07380669564008713,-279,1185,-0.07660074532032013,-273,1245,-0.22492899000644684,-288,1228,-0.22851502895355225,-254,1323,-0.10366359353065491,-342,1204,-0.10570327192544937,-176,1281,-0.28794142603874207,-193,1157,-0.2640501856803894,-108,1147,-0.290402352809906,-12,1130,-0.19055436551570892,-99,1114,-0.33552899956703186,29,1135,-0.26766687631607056,-91,1104,-0.33834853768348694,34,1126,-0.22269518673419952,-95,1115,-0.29987892508506775,18,1126,-0.18846076726913452,-503,1508,-0.09921019524335861,-580,1429,0.1015283390879631,-358,1401,-0.39637574553489685,-546,1234,-0.2847570478916168,-495,1474,0.04444483667612076,-492,1354,0.05121397227048874,-526,1481,0.0702962726354599,-486,1376,0.0761893168091774,-531,1512,-0.20828130841255188,-519,1332,-0.11029800027608871
-215,787,-0.23915569484233856,-213,777,-0.2762649357318878,-213,774,-0.275825172662735,-214,771,-0.275421679019928,-215,789,-0.25724539160728455,-216,793,-0.2566576302051544,-217,798,-0.2566608190536499,-231,776,-0.3578820824623108,-231,817,-0.26186326146125793,-224,791,-0.24879486858844757,-226,804,-0.22268493473529816,-267,799,-0.40163835883140564,-237,867,-0.1273634135723114,-208,711,-0.45737844705581665,-144,646,-0.18243470788002014,-224,658,-0.38236746191978455,18,544,-0.28617987036705017,-241,644,-0.4132317006587982,63,541,-0.3111717104911804,-222,654,-0.3921281397342682,60,522,-0.3284858465194702,-215,664,-0.36910295486450195,40,519,-0.2968122363090515,-446,1004,-0.108867347240448,-430,1049,0.1097545400261879,-342,853,0.053801506757736206,-306,867,0.16568884253501892,-249,784,0.44555267691612244,-185,782,0.5355893969535828,-240,781,0.4677616357803345,-183,775,0.5668954253196716,-208,736,0.23714669048786163,-117,714,0.4186459183692932
-326,915,-0.30410534143447876,-317,912,-0.3530901372432709,-315,912,-0.3528197109699249,-313,913,-0.3527318239212036,-322,913,-0.31192269921302795,-323,914,-0.3115571141242981,-323,916,-0.31177622079849243,-308,924,-0.47583308815956116,-323,926,-0.27619999647140503,-326,925,-0.3254665732383728,-331,928,-0.2695199251174927,-303,973,-0.5276728868484497,-317,941,-0.15107297897338867,-289,989,-0.5857484936714172,-236,753,-0.1780034303665161,-349,948,-0.5028433799743652,-100,690,-0.23928630352020264,-383,944,-0.526482880115509,-69,691,-0.27267688512802124,-364,935,-0.5198696851730347,-62,683,-0.2829709053039551,-349,939,-0.4918034076690674,-77,678,-0.25179028511047363,-495,1140,-0.13378657400608063,-508,1133,0.13447539508342743,-361,984,-0.1340213119983673,-370,938,0.16459313035011292,-386,972,0.3949436843395233,-324,952,0.5670724511146545,-397,981,0.42937496304512024,-328,966,0.5987979173660278,-369,932,0.23851832747459412,-300,901,0.5386300683021545
-308,1001,-0.3229553699493408,-292,995,-0.34756654500961304,-289,998,-0.3472185730934143,-286,1001,-0.3468899130821228,-299,987,-0.3191753625869751,-301,985,-0.31871524453163147,-303,983,-0.31883397698402405,-286,1018,-0.36214059591293335,-304,991,-0.2276180386543274,-310,1021,-0.3092464506626129,-319,1013,-0.26649680733680725,-300,1115,-0.41162845492362976,-340,1009,-0.12067591398954391,-299,1150,-0.5514789819717407,-240,866,-0.1889999806880951,-378,1084,-0.4971974790096283,-103,832,-0.2185870110988617,-411,1067,-0.525096595287323,-68,833,-0.2643294334411621,-394,1055,-0.5167628526687622,-65,826,-0.2506353557109833,-379,1062,-0.4895182251930237,-81,825,-0.22588232159614563,-499,1283,-0.142537921667099,-552,1236,0.14324110746383667,-339,1097,-0.3238812983036041,-391,996,-0.0551186129450798,-346,1024,0.13698849081993103,-295,1010,0.3122924268245697,-357,1020,0.1618383228778839,-296,1019,0.33750930428504944,-325,996,-0.12471496313810349,-262,955,0.18104174733161926
-304,1178,-0.40352562069892883,-283,1171,-0.37619462609291077,-279,1176,-0.37585797905921936,-275,1181,-0.3754337728023529,-295,1156,-0.3716696798801422,-298,1151,-0.3712402284145355,-302,1147,-0.37138041853904724,-277,1197,-0.21481332182884216,-308,1150,-0.1878059357404709,-307,1203,-0.3216342329978943,-322,1187,-0.31135767698287964,-296,1295,-0.2528887391090393,-359,1172,-0.12126326560974121,-270,1262,-0.4992380142211914,-222,1071,-0.2849348485469818,-291,1111,-0.4278818666934967,-90,1035,-0.1989995390176773,-305,1069,-0.4705446660518646,-44,1034,-0.258380651473999,-296,1061,-0.4310445189476013,-50,1028,-0.20797637104988098,-291,1078,-0.4205029308795929,-70,1032,-0.1947639286518097,-513,1466,-0.13577900826931,-583,1394,0.13712818920612335,-339,1304,-0.4443572461605072,-476,1161,-0.2054961919784546,-419,1292,-0.008823659271001816,-404,1222,0.09908006340265274,-444,1293,0.015099633485078812,-405,1237,0.12002626806497574,-432,1295,-0.25172528624534607,-406,1173,-0.034825388342142105
