angle_right_elbow,angle_left_elbow,angle_right_shoulder,angle_left_shoulder,angle_right_knee,angle_left_knee,angle_right_hip,angle_left_hip
155.11093922866314,166.9024511655207,96.04011839385876,113.61258406820431,174.08333527912717,174.35175262626473,91.16478806325324,87.44581068518187
155.11093922866314,166.5153234113697,96.95089765441608,112.701804807647,175.6346281940328,175.71998394434914,91.7704563788434,88.06998280037757
155.9746292732627,166.6823660270506,97.088475678146,111.70053673931749,175.90806226398485,175.03025927188966,93.36840830703208,86.57841697086766
155.04524942542102,169.69042596166565,97.99103520124488,112.62121789095532,176.01484997311803,175.80865829304923,93.40913024723504,86.59086975276496
153.70520992941613,168.69006752597977,98.18658317751571,115.09381772749012,176.6258241187642,174.57890399620842,94.05873943727036,85.33154476512384
152.4339147574678,171.51291921511174,94.99516314663634,121.51775606847542,176.67168426012088,174.57006341928226,92.53342152369078,86.79841749715919
145.6950223790787,168.69006752597977,88.79606276805335,129.13039955698528,176.2229822245487,175.19373312560452,90.95510651211066,88.31054055630945
143.75361101179993,167.58154139806766,78.01166034200635,139.5710004398633,176.2229822245487,174.47150440911776,91.0703896151164,87.5062822325104
131.86364163166743,166.79450195056916,67.09789211568871,152.4617758533058,176.11611572001866,174.39567079022436,89.61308138468299,88.8877568440504
160.44871137084473,172.7527311065123,27.94333033138912,170.29607051526202,176.0067727620863,175.2028294421387,89.7585018326123,88.81817001501452
143.45502767717744,156.1757394171046,20.92000548976969,173.75638764768036,176.0652179436306,175.10177391166255,89.81694701415654,88.74233639612112
169.75672876761763,154.68031308969034,15.591633612600802,179.48297324310784,176.0652179436306,175.2028294421387,89.81694701415654,88.81817001501452
158.79324929990565,149.516851532184,22.86117376250309,172.7229082203054,175.01609545709823,175.10181630343104,89.16806167311059,88.81024446056146
168.8529934740781,154.54172132590483,53.56714849781456,162.86088814308124,175.07162805857322,175.88990432155367,89.22359427458561,88.81024446056146
176.7156973580974,158.38522105721378,54.29330859939711,154.4400348281762,175.58592148210184,176.4525997535239,89.54041804247002,89.68710140213237
178.48114960256478,158.22284929503243,55.49147701233159,152.48799737614854,175.58592148210184,176.49065738958288,89.54041804247002,89.68710140213237
178.40813520863608,158.18841062992118,56.6893691754392,151.99082329198615,174.9549362046168,176.49065738958288,88.90943276498496,89.68710140213237
176.26113789168716,157.73204549862515,53.91422499224245,151.38627673301795,175.01170683702995,177.92454255338825,90.37273680170156,88.92414937920873
173.97139010411226,157.25131415990012,59.8989929496251,149.68821946590512,175.01170683702995,177.80914799165828,90.37273680170156,88.85750057695567
174.13957899849174,154.71330356458105,59.1916755847642,151.78542520128266,175.01170683702995,177.95932005608122,90.37273680170156,88.85750057695567
176.50474211393248,156.2160666525638,56.133706103122734,150.76684027378087,175.01170683702995,177.90793372051985,90.37273680170156,88.85750057695567
178.42344994481624,154.6578568421053,52.40110343617414,153.42521788220154,175.01170683702995,176.5038437531941,90.37273680170156,88.13112707558773
176.5044432278465,149.29631582909894,53.58473212890283,156.73560977767838,175.01170683702995,179.2013187496102,90.23728603864,88.85500029154666
164.57783868126134,150.47242554255627,44.09061955080086,157.55381558991314,174.77005588897725,179.09292285242228,88.79618674651783,89.55121717147112
161.7320937927589,154.5080013200365,28.84970758673117,167.50267595646,174.18171980567493,179.7605783354892,89.91257898222277,87.84648885246385
169.20545793810473,154.62308781401967,16.193348519853235,178.30681824669935,174.35600821980466,178.87962561974155,90.086107208262,87.05342233183292
161.56505117707803,154.65382405805332,7.125016348901787,175.03025927188972,174.18171980567493,178.9664253845797,90.03405395112415,87.14022209667105
164.9315118405078,161.8650263393819,19.446861443122224,170.0154607649034,175.50564234736802,178.256916396305,90.68044044973354,87.14022209667105
159.08051627744408,168.06988551439534,34.36523906125967,162.72591967783828,175.50564234736802,178.34173043402512,90.68044044973354,87.22503613439115
146.54669054592733,169.03687769369554,55.48058812324402,153.16476736779822,175.50564234736802,176.79470924775515,90.79572355273928,86.36299464446076
137.13293518281012,170.57300920343422,75.80526238720913,146.89856703256177,175.56215060733592,176.66296980676464,90.7376731374322,86.36299464446076
133.95837332399003,169.80338860335286,85.53284093861073,140.27408851649164,175.7321066997092,175.7283241543709,90.79572355273928,86.36299464446076
140.90337226539336,169.75898958044496,88.02239386060987,134.7035173706631,175.56215060733592,176.24771834278712,89.12737253493319,88.63523959616431
142.90017319662363,173.11087773308577,90.13649951427227,132.6597733208386,175.7321066997092,176.3325323805072,90.68044044973354,87.22503613439115
148.91047436382237,176.87627284354983,90.951933107074,130.44033199314467,175.03482940664216,176.3325323805072,90.09844625967224,87.10975303138541
150.33192265104032,178.78112476486874,94.57392125990086,126.86989764584402,174.39447877756425,175.6780128935269,89.56764765677082,86.34568151822862
150.82615407617254,175.16724401286504,96.27173803951617,122.53964599724225,173.4477522308399,175.98169100640587,89.52492150547133,86.69450996022758
154.40248845116992,177.66578402813593,96.27173803951617,122.064454930033,174.54498519167677,176.08036222762985,89.95237259657836,87.58049078334366
155.74590482153755,178.45184230102203,97.0294039561965,119.48405253948933,175.7398544843826,175.35652954295816,92.03406728168912,86.11745887476931
155.04524942542102,178.297442030477,97.9587838040382,117.9657247373414,176.27943459093927,176.09391865876927,92.05416077989828,86.72514927684976
155.3413404126924,178.10541058783204,97.9929020704322,119.31831401743337,176.27943459093927,176.09391865876927,92.05416077989828,86.72514927684976
155.9663604867099,178.64957167572456,98.95002175829184,115.35448208562772,176.9501125491336,175.37017980951296,94.11844324981853,85.33154476512384
156.1247191460725,179.7556119012361,99.17172903016596,113.90115386165776,176.78137788910098,175.2167900793266,92.591866705235,86.66459599692004
157.45693899994208,178.79105987479394,99.1032753237722,115.42293579202143,176.84108170164916,175.2167900793266,94.11844324981853,85.19772326488467
157.5105064670505,176.14695223842017,100.03300770516329,115.42293579202143,176.84108170164916,175.2167900793266,94.11844324981853,85.19772326488467
159.19758170952048,176.5466837494689,99.5690844065372,115.02320428097272,176.72928520057602,175.3039878570831,95.58724396420436,83.79655209830817
158.76353107738103,175.9086724875101,100.00313503867662,115.66121554293156,176.5549135367598,175.3039878570831,95.52754015165615,83.79655209830817
160.3782477532068,176.77508325861476,99.41631998626607,115.59276183653785,176.5549135367598,175.3039878570831,95.52754015165615,83.79655209830817
156.48496134174852,177.76368372672704,100.46425811674828,116.06246951035698,176.89040873658544,175.3039878570831,92.51475264747285,86.80933960249152
146.61238615504072,174.83305108033227,99.17863003768493,123.8789436491672,175.85187797431453,175.26535281269398,90.45575227010904,88.31054055630945
139.44310920519615,168.67966335331164,89.86093284708889,133.7449760128745,176.2821971500235,175.73738887720995,89.22359427458561,88.73099723652714
146.63363399894044,163.25645420076597,58.967789761532735,149.6893276950254,176.6397436317101,175.77356045037993,89.63924141624074,88.88398960859273
123.6900675259798,153.51063673069623,42.27368900609373,166.4124585676457,176.53038461993947,177.23221541253153,89.63924141624074,89.52593226459729
140.73292631879428,154.17900802581073,8.972626614896342,180.0,172.40180604707194,177.38897210909946,89.35625428582463,87.91743472026911
159.31072249312658,143.6120446004766,39.73415968822092,176.4140658152217,173.71414278451937,178.9967188988865,89.49653510688339,89.68804784013872
178.39714902719172,148.04099431387775,60.75117366345302,161.91655461695134,173.71414278451937,178.8490851887623,89.66825021568435,88.87275134995795
178.98124936836214,143.36240980753448,57.65255650055798,161.20011484134733,173.85023701672483,178.7793217066979,89.82964635080474,88.71135521483757
177.2408923413797,145.060689795323,66.19405648154225,158.6293777306568,173.6598082540901,178.9929513400173,89.77531182037549,88.78358888750238
176.62694072096963,148.12823543847205,69.75458049812096,153.9780205166458,173.79590248629555,175.5290110494989,89.77531182037549,88.71135521483757
170.27242144859838,145.44055514844172,57.65255650055798,157.1094483437517,173.9831350782158,174.69907348347434,91.65761459510972,86.24144431452801
172.2394492121026,149.74356283647074,70.70995378081119,153.94650468950906,175.28192477028475,177.3945994524417,92.28178671030544,86.80951416526644
165.5424716279049,151.21993134628386,74.98163936884936,153.94650468950906,174.83552041355594,179.78324524774652,91.809119936831,86.7135414250202
159.91670667218182,148.06109032483394,78.40782458970898,156.50143432404792,174.83552041355594,178.63748240957145,91.809119936831,86.7135414250202
157.90210788431128,150.65093817126723,79.37884652078804,154.40541328275725,173.9831350782158,179.06359961433978,91.75358733535596,87.36434680941306
156.1434964382273,150.86328678614748,79.66108945705889,156.82549953686345,173.9831350782158,178.92427884451945,91.75358733535596,87.36434680941306
154.88329514716182,149.16519651898128,79.01162795543644,160.92879421731152,173.9831350782158,178.01210775029685,91.75358733535596,87.36434680941306
154.86258549748223,155.10097685770114,76.95151693171334,165.25145448856895,175.34427053404917,177.89113788337107,92.44010521431606,87.29616463670295
161.13906810043483,155.80991033868338,72.2106774584962,173.12593174921832,175.64965424726546,178.59959797342023,92.5038379794797,87.29616463670295
168.5260142033265,155.14841414028783,57.24633285968042,178.12741155662405,174.83552041355594,178.46989629576015,90.3159661692884,88.71954952848508
155.34410125591842,158.11562535368853,16.95048190617706,166.07366882711665,174.83552041355594,178.46989629576015,90.3159661692884,88.71954952848508
126.65610841596693,163.74196295889013,28.9183480431863,159.1548568326389,174.7132852565641,178.46989629576015,90.3159661692884,88.71954952848508
94.57392125990084,164.74488129694222,72.14968169778317,154.5227126633061,174.7132852565641,178.46989629576015,91.89977774015033,87.13573795762314
123.11134196037202,168.77754193055517,72.14377674268577,153.5224232274974,174.53259824620795,177.05419805714877,90.3886118316369,87.9256266191457
101.30993247402016,164.84299771721234,82.52844082340765,147.37065163038017,173.9559078377589,176.38027288904485,91.43459734590716,86.38027288904487
85.36453657309738,163.59714091693172,87.39854140093463,141.40660653971,174.30395496266678,176.18475650804132,91.53525490494208,86.22381292974457
95.44033203100554,171.6160036820905,95.75769476594849,139.8174128093117,174.25306416820916,176.2638942747232,91.48436411048444,86.30295069642642
101.79750919263375,173.59978126765708,101.6162367384511,137.47328033524184,173.8876941145901,176.14669887198235,90.03405395112415,87.7250138835625
111.3706222693432,176.93029617727368,101.99375034969329,135.8967302800581,173.83680332013242,175.4649073068531,89.9831631566665,87.80415165024435
118.96207970713758,179.95349369567356,103.64291477599008,132.77104986607225,173.83680332013242,176.1732621418179,91.40309355575069,87.1197347724365
121.05763265699332,176.74385187064144,103.94236734300672,129.41086956867156,173.95796788603954,176.12092927814322,91.40309355575069,87.1197347724365
121.73110611533426,176.4976767955063,106.71110917056312,127.71319688601838,173.90820112146227,176.21495528289097,89.81192142318785,88.72932231313214
126.30203944748072,178.95511726529796,107.28918598474692,126.51371177555424,174.07643921787326,176.14677311018082,89.86168818776514,88.66114014042202
126.55445860331469,179.4484331207038,108.7031855313439,125.73296227031928,174.07643921787326,175.52595507039416,91.40309355575069,87.18791694514661
128.67121115552766,178.8109555057626,108.823282103834,122.45137753660698,174.07643921787326,175.54407517716294,91.40309355575069,87.18791694514661
131.06982445427454,179.90183485416767,109.34660518491611,118.24637669910352,175.35397146062044,175.45777289768398,92.0423204335106,87.1197347724365
132.94123429500945,177.20048036029743,108.50435014848716,118.7113899021412,175.18568719027917,175.52595507039416,93.53145016103662,85.64201658520747
134.504748978393,176.08446996889018,108.10319903860638,118.7113899021412,176.12492175617874,175.5926038726472,94.0390862652264,85.70866538746053
135.84552518447515,179.2517160677639,108.10319903860638,116.48054418892768,176.0130160791125,175.61072397941598,94.0390862652264,85.70866538746053
137.75057972436463,177.98016686852804,107.71458720696948,114.58649741851649,176.0130160791125,175.67589038827018,95.58724396420436,84.22567409733672
138.12970259152266,175.58222465751987,108.60325318843536,112.11728328131942,175.89845740383754,175.69447481172253,95.58724396420436,84.22567409733672
139.22915996150812,174.81647004201258,108.53263974191802,112.1878967278368,176.95459365341193,175.79684262127532,94.52429870822974,85.83756456147833
138.72486600942017,175.3865371456086,108.964056883252,111.53816238280766,176.7791197137668,176.42782789876037,94.41786568629992,86.51153241118001
138.72486600942017,172.94709913159787,108.964056883252,110.39140262817602,176.7791197137668,176.50345018367338,94.41786568629992,86.56706501265504
139.10098169768463,173.92024182190346,108.58794119498758,110.07186705910252,176.7791197137668,176.50345018367338,94.41786568629992,86.56706501265504
139.87389642220478,176.5133681028858,108.58794119498758,110.87085402697258,176.1819829085893,177.21100218262396,92.31781109339992,88.01445019890254
139.10098169768463,174.6337550167566,108.66081800574156,109.39638695583132,176.1819829085893,177.21100218262396,92.31781109339992,88.01445019890254
140.65081801046102,176.41911002514638,108.7523220030218,106.81685429018457,176.29765390792846,177.24956553796108,93.9793824526782,86.41177920655025
140.6714673722667,177.9854012121294,108.39817361647462,106.81685429018457,175.4542437979844,177.31765318209935,93.36840830703208,86.41177920655025
140.6714673722667,178.95837332399003,108.39817361647462,106.57095116691384,175.62506882601062,175.86225113895344,93.42158302913236,85.7738317963147
142.9497655141475,178.8522841240995,107.5833852080074,105.46563056536856,175.62506882601062,175.77404662136374,93.42158302913236,85.70866538746053
142.9497655141475,177.59484514549922,107.5833852080074,105.46563056536856,175.62506882601062,175.79708473009924,93.42158302913236,85.70866538746053
143.25291495786163,179.66563909652984,108.42106342546067,105.44130732034569,175.62506882601062,176.58001690513888,93.42158302913236,85.70866538746053
143.2021271804702,179.66563909652984,108.76396116763638,105.44130732034569,175.62506882601062,176.58001690513888,93.42158302913236,85.70866538746053
143.2021271804702,177.37577997221794,108.76396116763638,104.40888717463406,175.79418901481185,176.47980291661833,93.47591755956158,85.64201658520747
142.4614473240425,177.6888685472386,108.76396116763638,104.40888717463406,175.96174510621876,176.51336810288586,93.53145016103662,85.64201658520747
142.4614473240425,178.20790888282374,108.76396116763638,104.62795234791533,175.79418901481185,176.51336810288586,91.93001719962244,87.18791694514661
143.35313843156436,179.20427644726072,107.8722700601145,105.9242950746562,175.79418901481185,175.77404662136374,93.47591755956158,85.70866538746053
142.7447105464229,174.20568706160705,107.8722700601145,106.17950844026478,175.7398544843826,175.75164795967714,91.8756826691932,87.25456574739967
146.18569581190891,175.71438113501577,104.20301596447509,108.14499289991087,175.9062125047438,176.48617600847797,93.47591755956158,85.7738317963147
143.51253209634498,176.44992228153396,102.87141064226682,111.3333785281554,174.9850626420649,177.05908448776424,89.93339639208922,88.67449614648382
136.7909463611566,174.1152938944001,99.24382472774698,115.90839477724982,175.09440559999723,177.01837646305003,89.93339639208922,88.739662555338
134.64115847365127,175.9893060909794,91.68468431789628,123.58193326326725,174.84506907271248,176.45251061980335,88.96073477061577,89.66881421158463
129.64804185188905,177.94586537966742,87.33486507445559,129.8577573471595,176.0130160791125,176.41891591271036,91.07325550620308,88.17379671209135
139.09111172380696,174.89061029501357,69.71275777900726,134.39133794160207,175.66300221021484,175.89414848473317,89.61308138468299,88.8877568440504
150.62595999388583,171.9532975571211,45.237740459293015,140.31203896392574,175.7214473917591,175.81663610124426,89.67152656622721,88.81024446056146
165.80241720627444,170.47533202821,21.67967026855285,151.24580906234462,175.6012946450045,175.81663610124426,89.67152656622721,88.81024446056146
157.2971578767872,179.58025820866465,6.7785470485566535,162.1277299398855,175.78115120430726,175.73738887720995,89.7312303787754,88.73099723652714
169.58524123619088,163.67182879982775,15.826590888348562,167.50267595646,175.78115120430726,175.73738887720995,89.7312303787754,88.73099723652714
169.63227177907487,146.65285476476862,23.962488974578207,168.95905981967627,175.89845740383754,175.0225690793967,89.7312303787754,88.73099723652714
175.48694283240246,150.24305304701412,38.63343141242473,179.57526341413265,176.51466134132505,175.0225690793967,90.19444194419732,88.88398960859273
172.80270275881102,139.63949068348649,42.23856490465016,176.64440470021242,175.40415992727665,175.73738887720995,89.63924141624074,88.88398960859273
165.4647431425535,141.42230534353533,57.18001859073337,168.03605497769263,174.86394950617267,175.73738887720995,89.47807227870565,89.04515874612781
168.27529078693777,148.2801846921758,59.102780472289226,160.41785472584425,174.98789907919996,175.81663610124426,91.01278394683264,87.58969430203516
166.15930450834438,156.27928374296062,61.96282595377136,149.80578929989153,174.98789907919996,177.12145456365843,91.01278394683264,88.2246234066702
166.03654693016955,153.6024798645239,64.5551915477077,147.22989804032213,174.98789907919996,177.12145456365843,91.01278394683264,88.2246234066702
169.35843615476273,147.22091933193042,63.986122264068285,147.22989804032213,175.05024484296433,177.19210283798097,92.61653507858252,86.75386631300721
168.2771758808331,145.19720557109125,64.41476099677038,146.67274432670956,175.05024484296433,177.89620305314895,92.61653507858252,86.75386631300721
169.106828921704,144.13600900422253,64.99202891413483,145.666837676643,174.41925956547925,177.84472437920851,92.06682035583124,86.67259575827342
166.3397503359051,144.04985616459274,68.05156824527205,143.73853023929743,174.29530999245196,178.668138092625,92.06682035583124,86.7417100546822
166.3397503359051,144.82343107186358,66.89458922195138,143.6741360643932,174.29530999245196,179.4395156879985,92.06682035583124,86.7417100546822
170.2256548479078,144.18208719292105,66.84963373528575,143.6741360643932,174.29530999245196,179.3003576862469,92.06682035583124,86.67259575827342
170.2256548479078,144.6297013637816,66.84963373528575,143.6741360643932,174.29530999245196,179.3704013915897,92.06682035583124,86.67259575827342
173.5395165076082,144.0874174932757,65.23923368563646,144.681808630854,174.23977739097694,178.52837552189376,92.01128775435622,86.6019474839509
175.45800431973325,143.2338005404879,64.20030493209538,145.71156488672284,174.89940360314174,178.45614184922894,92.01128775435622,86.52971381128611
176.0563719070306,144.1819890674113,63.60193734479799,145.71156488672284,175.52357571833747,178.45614184922894,92.55418931481816,86.61098436601986
172.83910652396943,146.84043379069405,63.6709268111714,146.2409430076467,175.52357571833747,177.75332110616156,92.55418931481816,86.61098436601986
172.8065299447045,146.0833236575355,63.1218602479014,152.2117372690589,175.7026133360583,177.75332110616156,92.61653507858252,86.61098436601986
179.30799799541492,141.15310415119677,58.2175304223303,161.80411423836088,175.6402675722939,178.9731326692362,90.88460568300908,88.85750057695567
174.35945056784317,137.01920715104836,50.611683384114826,171.16727640038468,175.75432670399985,178.2787750113479,90.88460568300908,88.85750057695567
163.08079307953398,141.9627057929651,38.05850569968453,174.20720350496785,175.6402675722939,178.2285302599659,90.88460568300908,88.85750057695567
145.45990909292917,147.06363709663117,15.97772985884086,179.4906097932503,175.01609545709823,178.17947566620435,90.3886118316369,88.72932231313214
157.05643352703936,155.7882456890303,8.0642072946373,170.7636801026924,176.29526812364202,176.8494972568313,91.134258915734,87.9570419598379
138.78264544659632,151.63751521040976,14.975434413662072,159.31397244883829,176.1859251657097,176.8494972568313,91.134258915734,87.9570419598379
145.47423482822583,166.27719947306127,21.80140948635181,155.32313682966296,176.1859251657097,176.8494972568313,91.134258915734,87.9570419598379
156.0375110254218,173.1084149026649,30.05711678649159,155.23993131810525,176.07401948864344,176.96431315896797,91.134258915734,88.03091476510403
152.4471884232822,169.3669542096541,41.367049260511806,149.1939614306846,176.07401948864344,175.553050657237,91.134258915734,87.30793145661801
139.86096517309844,171.6058636645849,57.75658959454661,144.53909185325872,175.50537997492273,175.553050657237,90.68090250501903,87.19264835361228
134.8980503219844,174.90788487550105,70.94488794177313,140.5421031724846,175.67405628440213,175.50375004210318,90.7376731374322,87.10975303138541
143.04205666162656,178.12161810852882,78.82300413085379,138.52796811565372,175.56215060733592,175.41893600438306,90.7376731374322,87.02493899366532
144.46232220802565,178.3276056389107,85.53284093861073,135.06845370639374,176.24827092947402,175.621067576778,92.6978056333163,85.80673050280008
143.15921606075247,178.0941886235928,87.37048595105108,133.64598823509826,176.46448039193643,175.50375004210318,92.6978056333163,85.72383518057322
152.22343619113144,175.99135830183644,88.45824979143518,132.70517408749578,175.24166822673226,175.58664536433002,92.01128775435622,85.80673050280008
151.0735741647464,176.02502144764375,90.7848246029919,132.0165999677719,175.35071982613604,175.58664536433002,92.01128775435622,85.80673050280008
150.8439549036408,177.7793021747453,92.40597051664533,128.09967183072274,174.0938588862295,175.8528076744142,91.46303190857437,85.88990432155369
156.48496134174852,169.25349894698087,92.24342973420406,129.70655774696948,173.81189422294565,175.96741670504264,92.88227723718808,84.50054397300727
157.1335552120987,170.14961680001863,92.7899847363688,126.51371177555424,173.47454825460775,176.08130795999497,92.79004540778452,84.57637759190068
159.91802251581925,177.2587934443565,93.0207221086906,124.0875754630737,173.64412066597268,175.10615825912942,92.83566824612215,84.34378436548401
162.73972116356535,177.024238556263,92.68857638294364,123.56290350349369,174.73984278236273,175.64565166360242,93.39571372337473,84.91185421622244
165.67048148769322,177.42534696423397,91.54772666706188,122.44494594384648,174.56946344724793,176.32503349426074,93.30611513493156,85.60129464500447
163.79357729671167,175.9414691522241,92.37877945268602,119.94016577528714,173.97009107627542,174.8379180891182,92.7067427639591,85.60129464500447
162.71346793848696,178.27070816057994,93.27953605378896,119.23074340215824,174.52539196236728,174.83260616862177,92.7067427639591,85.53311247229433
164.07363133939492,178.91085783010345,92.33298230196986,119.23074340215824,174.40808576283695,174.82140026625862,92.7067427639591,85.53311247229433
163.8805708794471,178.32950131675148,92.68977032315048,117.88308539629988,174.33260061551866,175.06819835807713,94.25884612217034,84.22567409733672
162.6344481977111,176.07985615223825,92.952593156387,118.33088368725384,174.25512037238312,175.14450425876706,95.81190471928296,82.7819711037254
162.92018246810017,175.5443971666737,92.8191059488733,118.33088368725384,174.08333527912717,175.0559895835947,95.76628188094526,82.71823833856176
163.82724108808657,177.59978553914334,93.83092598297011,114.8920756462654,174.08333527912717,175.14450425876706,94.25884612217034,84.28940686250037
163.70806127138655,177.59978553914334,93.95010579967014,114.8920756462654,174.25512037238312,175.13193112324078,95.81190471928296,82.7819711037254
163.70806127138655,176.63353933657018,93.95010579967014,115.32286286327404,174.25512037238312,175.13193112324078,95.81190471928296,82.7819711037254
163.58497707938747,179.2876557878367,94.0731899916692,114.21690411098554,174.42483244492217,175.13193112324078,95.8585137103488,82.7819711037254
163.58497707938747,177.23246902794395,94.0731899916692,114.21690411098554,174.42483244492217,175.92598390411706,95.8585137103488,82.7819711037254
164.52519540197235,178.84120420406512,93.13297166908438,114.21690411098554,174.54498519167677,176.6451833139931,94.35107795157388,84.22567409733672
166.18337301002293,176.7329617594851,91.32254699815844,114.21690411098554,174.4983762006109,177.42576523083295,92.79703320173304,85.79684262127533
162.71850162818333,176.86364163166743,86.42366562500267,120.14138555207536,174.45275336227326,176.93291046664075,92.79004540778452,85.26535281269399
156.37062226934316,174.0126178103226,79.79602627826831,126.59963653934987,174.6399506376422,177.80443199519436,89.81547316773852,88.05851360908562
154.96800768339125,173.0963219530113,69.34845254003328,134.56305305040308,174.57005956180356,177.67477675974243,89.86014076717483,87.98786533476309
149.2403237429406,167.15106384780233,49.85167288936502,148.7729963643823,175.22777944564322,176.74144891362266,88.90756004851548,89.52593226459729
154.2438886327392,154.72227776444706,28.57628383970933,160.43287090194667,175.22777944564322,176.696756426967,87.42070836628017,91.01278394683264
158.43624132824584,137.71198346744492,11.935602543267429,163.51313618359296,175.22777944564322,176.05481377096245,87.61080647269918,90.18074318440902
161.82989881080536,152.9345617241298,1.4311027765166182,174.14606629234007,175.22777944564322,175.260927681487,87.61080647269918,90.18074318440902
175.2282805172065,175.30131948270056,25.74805443985348,159.66381471246356,175.39551284301848,175.36453657309735,87.66398119479948,90.18074318440902
178.80863739444507,138.2047930402387,33.87600980715137,166.50162619845915,175.44984737344777,175.1965142409309,89.16806167311059,88.73099723652714
179.51261854635467,130.9464457681686,40.52544642413639,166.58962733998857,174.9549362046168,175.13548556223947,89.07060190252004,88.88398960859273
176.18592516570965,131.1174588747693,42.17368556534944,159.26540299493405,175.01170683702995,175.02511760664797,89.12737253493319,88.80294895611127
171.56663625834005,130.9170995609662,52.989027957135136,156.1785854224427,175.24582294982093,174.99654116038252,90.739814293261,87.30793145661801
170.52168678498987,130.9884223991554,54.207581628632624,152.57125877832243,174.53408061319948,174.99654116038252,89.0242538127052,88.96411809364635
170.22811142345128,134.3097228021349,54.43494463962321,151.3523835431911,174.71461902263405,175.64565166360242,88.91361100535237,89.78324524774652
168.69983163282342,137.62928182415047,55.9632244302511,149.42179610202413,174.71461902263405,176.95626411234122,88.91361100535237,90.43405063213942
168.41814373762193,137.29552377689765,56.24491232545256,149.42179610202413,175.8315125100761,176.9209834643908,89.49930056560756,90.43405063213942
175.7717108479561,137.4986706462241,51.054740431045786,151.74226176668253,175.17914401698212,176.95321005419584,91.07585062079129,88.92414937920873
171.6070748126075,138.17188828793965,54.45383687765673,151.72297675242828,175.17914401698212,176.25576025310642,91.07585062079129,88.92414937920873
171.6070748126075,137.77215677689094,54.45383687765673,151.72297675242828,174.52955983749723,176.23053834152367,91.07585062079129,88.92414937920873
175.30277533460185,138.38080373210042,50.52754015165618,151.50436138175502,173.23784466458568,176.23053834152367,90.4307872170086,88.92414937920873
173.02349011785876,142.61854648756895,49.68589983950267,153.43494882292202,173.12302361686542,175.60602817078117,90.3159661692884,88.9893157880629
175.72341690308147,146.16950192308292,48.06843867755504,152.41191863425416,172.92931818152746,174.9243684803202,90.26043356781337,88.9893157880629
175.2182111465581,149.37201670157103,39.55966796899452,155.32313682966296,173.58303138977212,174.36712762263434,90.51008680053828,88.17379671209135
180.0,159.33853128981738,33.690067525979714,154.72227776444703,173.39455191071414,174.29647934831178,88.96073477061577,89.59816593726208
175.58900468819743,169.78411005006336,20.678378557126045,155.9991909010427,173.39455191071414,175.721503046665,88.96073477061577,90.2984128199949
175.28627475912188,172.17766073517802,16.699244233993625,164.6237487511738,172.82351653759935,175.721503046665,90.0,88.6881122174959
175.18083916045543,151.3895403340348,8.079857602773984,179.0451587461278,172.82351653759935,175.721503046665,90.0,88.6881122174959
176.63353933657018,154.46034116404775,3.814074834290351,179.52492150547133,172.63860564048636,175.721503046665,89.95237259657836,88.6881122174959
163.62157858286682,160.1593019160317,9.54452556555814,177.1798275275515,173.92880054778658,175.78384881042936,90.57103537311478,88.75045798126027
160.4362163804173,144.32761451066756,13.83781731918039,152.24968800429963,173.92880054778658,175.1610187346635,90.57103537311478,88.12762790549439
158.86329902415082,156.65852753936446,20.978206830984817,157.80378151143088,173.6066335319898,174.4638394427861,89.20597286851037,88.74233639612112
137.69929105744518,159.13871534547562,44.57401692335684,151.2284970305787,173.6598082540901,174.4638394427861,90.68058739929128,87.32089658744047
135.54739525087774,167.9052429229879,56.2960020635208,147.1469186514415,173.79590248629555,174.38632705929712,90.68058739929128,87.24338420395154
130.6012946450045,173.77905007884038,69.19758170952045,146.1648801775486,174.86394950617267,174.28940686250036,91.24954201873972,87.27368900609375
127.482663368108,174.80557109226518,77.33644939432645,140.71059313749964,174.98789907919996,174.1911240259131,91.24954201873972,87.19264835361228
127.16098710651366,176.72684591676656,82.12669971886213,140.0178480043899,174.92689566966902,174.1911240259131,91.18853860920882,87.19264835361228
129.24116069844433,178.32503319962316,85.52443522008546,137.73791115606792,175.04806023557612,174.1911240259131,91.18853860920882,87.19264835361228
134.46271517420047,179.00406441606623,86.41365529731117,133.8590121195946,175.16653156740983,175.6121788717266,91.07325550620308,88.03091476510403
139.53003140418923,179.06591244603084,88.37502364247523,130.33474821744858,175.16653156740983,175.6121788717266,91.07325550620308,88.03091476510403
141.98561083442198,177.73031864735228,90.29841281999488,128.44581940960722,175.16653156740983,175.63802270376422,91.07325550620308,88.03091476510403
141.82612975891954,171.8319450484937,91.8840502310918,128.44581940960722,175.10906364510703,175.73674540806607,94.14081161496031,85.09659573854253
145.90926921822805,173.88265897045073,92.8201724724485,124.66158834496645,175.10906364510703,175.73674540806607,94.14081161496031,85.09659573854253
143.68706603839718,176.7582985939688,96.16182902378304,121.60289573560496,174.60336286174504,176.3732595256352,93.5166394997646,85.7331098561117
144.8989916536375,177.68264026874402,96.50305594488172,120.1511049378198,173.6907296570386,176.55435078803052,94.35107795157388,84.35175262626474
147.22457221526025,173.75808565258498,95.34396583655708,113.87528085392752,173.5667800840113,176.86821939140142,92.88227723718808,85.69447481172254
148.52936907528596,167.31834352323264,97.49282358863124,109.07222758844678,172.1997122692074,179.37135416955795,91.64203993910496,86.15425504444109
151.6608679641041,169.9672837599388,94.54835817011868,109.89028012339531,172.2338290804146,177.69857126800494,91.67615675031222,85.35329714810041
151.3968132179146,170.91599142109382,96.31713880617332,108.00301543052352,171.93700241167602,177.57588242016584,91.64203993910496,85.35329714810041
153.5218263598474,171.27830220201827,96.5553572884028,106.92751306414704,173.11174172300534,177.63622550424057,92.26259628477465,85.35329714810041
152.06710753582004,170.7882723189265,97.37491705393847,105.98099024587628,173.11174172300534,178.3750236424752,92.22396124038548,86.13073033072423
152.90091574396993,170.05942696688695,97.56343703514858,105.7770915354095,173.80515149250877,179.17031728765508,90.71860949497712,87.57245547317783
151.05545061897485,172.67809171302628,98.25719662403309,105.58019959733758,173.5158751434081,179.56997852251916,92.18395022767632,86.13073033072423
150.66210634532604,174.77846593958577,98.92533869236182,105.38996378125854,173.38653951768526,179.47056431428024,92.18395022767632,86.13073033072423
151.02953913338152,176.17924188339853,100.00313503867662,105.38996378125854,173.38653951768526,179.88438087092334,92.18395022767632,86.13073033072423
151.95927151477264,174.77846593958577,99.93252159215923,105.46057722777591,173.99962249174197,179.44823239488633,92.79703320173304,85.46334359653386
151.7755908850738,174.96870175566482,100.33790949373216,105.65081304385497,174.61171953724403,179.58527578352246,93.36840830703208,85.50406553673687
150.70587698578976,175.74431925934448,102.25400991447157,105.58004402607926,175.35202930861297,178.1907788602629,93.93639988046158,85.54704810895348
149.7900918009972,171.71369767324342,102.31244516143464,107.41454797514184,174.86721741788517,179.92858859595572,93.36840830703208,85.50406553673687
146.141649686117,167.03125621581376,101.90260701377356,114.04022101456889,175.05842167786344,179.1363099554004,91.7704563788434,87.18791694514661
138.14723321391622,167.6423811939181,101.73557158474124,124.39132723847231,175.61676147801708,178.66778014613038,91.8756826691932,87.18791694514661
129.42572370153258,166.24818717172548,93.21829297910728,137.52335123526765,175.93796763648967,177.6934647690508,91.98554980109746,87.1197347724365
107.62574020876464,168.64332091178355,90.17961000574708,152.3636477096531,175.93796763648967,175.57008354662733,90.5656194020133,87.8814738428628
115.48412699041732,168.46581076448908,66.40406101632364,165.43512333470383,176.46448039193643,174.83628609924733,91.075129710597,88.00294881176417
105.25511870305778,162.59729586864373,41.478546623077776,174.24885159972197,176.46448039193643,174.93092103066436,89.54041804247002,89.61322859686622
132.95459151111277,153.07117098405746,7.190911408420421,171.78580409637516,176.29526812364202,176.36310585024833,91.01278394683264,88.7959711153852
173.62075183238687,155.36114342659758,69.16961244472736,175.5953477064703,175.01609545709823,176.30809311678107,90.3886118316369,88.7959711153852
172.8749836510982,154.15387357504528,72.55281157671777,168.60452828787012,174.89940360314174,176.42827225910253,90.3886118316369,88.86113752423937
162.69556920534174,148.65571705030618,15.524110996754304,168.46537934635526,174.7256532816517,176.5205814705316,90.33427730120763,88.924870289403
164.5561644702607,153.7814916506126,72.47443162627712,160.55996517182382,174.7132852565641,176.5205814705316,91.98554980109746,87.38346492141747
161.56505117707798,157.52455361566368,76.93422099190875,157.772431417431,174.58813084768298,175.92031016523134,92.06682035583124,86.67259575827342
151.28736339462353,159.7632043035187,81.93579270536263,154.84376678834727,174.45995258385946,176.01953259313737,92.06682035583124,86.7417100546822
144.61670988155944,158.16985161979696,85.4085862739581,155.79440531505665,173.13745237607029,176.78180506529128,91.43459734590716,86.7417100546822
136.84062978606894,158.62725354055982,85.49962027222993,155.32185780133094,173.13745237607029,176.8652809188314,91.43459734590716,86.7417100546822
139.08858670426793,159.59011716619602,87.80292462717058,154.3589941756947,173.32331337285302,176.28740699737912,91.5614781682466,86.04325032393604
134.4635861723042,157.84688729281953,90.59805530957584,156.73027330250997,173.32331337285302,176.28740699737912,91.5614781682466,86.04325032393604
142.59464336859142,156.19405648154228,89.09061955080087,159.71532396765687,173.3742041673107,175.74842214869173,93.0792416947396,84.03739274321332
141.77174888416724,159.33908559660213,92.1700127061444,160.1172543400615,173.3742041673107,176.35331706679898,91.61236896270424,85.42352934336844
139.29437081088932,156.79613508891546,93.29720385332328,166.63891349655,173.3742041673107,176.3019307312376,91.61236896270424,85.42352934336844
133.5975586183745,155.55053229941254,95.91872805985822,174.21420854501577,173.55915548593953,176.9216517118052,91.58730816207996,86.12036438169821
130.3366508941604,160.71341988027146,101.1707117242394,179.80074263869727,173.5071022288017,177.5429973847892,90.03405395112415,88.24291100850013
70.4192883389029,157.17674495915378,51.3401917459099,173.29016319224309,172.97285359172923,176.56289106224764,88.53903645163088,89.59816593726208
52.94347181059042,167.6874017533109,72.47443162627712,167.996896539243,172.3253049249857,175.8624064158559,89.50178838738636,88.05851360908562
86.82016988013578,172.92823957210334,78.23694690635583,169.85135350383462,172.50414236027015,175.7639040943776,89.54648087404203,87.98786533476309
73.41266144307258,168.47344935386877,93.54868197390446,159.3972272283082,172.50414236027015,175.63802270376422,89.54648087404203,87.91563166209829
102.66645496268956,162.852380118603,102.62288540336124,150.11362878721334,172.4594498736145,174.91410733439912,89.50178838738636,87.91563166209829
111.72771194008423,164.86525040454956,106.88842945688177,145.1881132678236,173.36628819892874,174.73141291646445,90.03405395112415,87.8814738428628
125.904822653299,168.87459435824127,110.3705109242546,142.86693461391272,173.3153974044711,174.8972803805472,89.9831631566665,88.03091476510403
136.60743297662438,172.1492822033207,111.04671136614498,142.32956428750103,173.44073863441955,174.91410733439912,89.9831631566665,88.03091476510403
137.50673993663605,171.34358812179002,113.60532787446368,138.03506287722465,173.3909718698423,174.91410733439912,89.93339639208922,88.03091476510403
142.06457778533445,172.5830862808616,114.48772333109164,133.45783652389218,174.77476139124852,175.02125616393218,90.5656194020133,88.10314843776881
148.31580266162769,171.8576888713616,110.93323034518428,130.2952666853944,173.73835706046023,175.0579606941534,90.0,87.98786533476309
154.89446054188932,172.95796082627058,108.74286034136968,128.8073823759524,173.13745237607029,175.0770275085953,91.51171140366934,86.52483342618872
157.30896413656507,167.61025944375956,108.74286034136968,123.1898017858256,173.63856399124714,174.28082476803277,92.06682035583124,86.52971381128611
158.42950776898306,164.60303840673495,107.57648009511972,119.19281310505148,174.79946475321626,174.2911464720308,94.20315737872468,85.02436206587772
160.48603517477187,166.4442261038655,107.49936603735756,118.24572982420784,174.92629526993704,174.2911464720308,94.20315737872468,85.02436206587772
161.9077384210397,168.00376405649072,107.13422747028434,117.63718227302915,174.92629526993704,174.2911464720308,94.20315737872468,85.02436206587772
161.3918218348825,169.21832712806082,108.36148096190388,115.70293625253171,174.92629526993704,174.21727366676464,94.20315737872468,84.95048926061159
162.68445737701666,170.53767779197435,107.99634239483063,114.61487307210513,174.86394950617267,174.2278781048285,92.63545986955194,86.45584100601997
162.03966770393902,172.39201474493296,107.64219400828344,113.90543981359872,174.86394950617267,174.14170554978958,92.63545986955194,86.38027288904487
163.03860576356382,174.89626266007312,107.64219400828344,113.90543981359872,174.86394950617267,175.50406553673685,92.55418931481816,87.04996589667601
163.82227136271936,175.47089132924904,106.77252460174113,113.90543981359872,175.6402675722939,175.50406553673685,91.01278394683264,88.59137126466155
164.15485526560315,173.38360876586214,106.43994069885731,112.39278591938768,175.6402675722939,175.46334359653383,92.55418931481816,87.04996589667601
163.17293154699172,170.64504306705575,107.30402542312868,110.05556781584455,175.46257230880653,175.46334359653383,90.95178053730172,88.59137126466155
163.10626982080186,173.8017609633667,107.30402542312868,110.82225389517846,175.46257230880653,175.46334359653383,90.95178053730172,88.59137126466155
164.94025083777282,175.0478195813537,106.3822961603856,110.87547801318355,174.1854428605477,176.2060270235473,90.33427730120763,88.51995986061723
165.3348280565975,173.56184654839936,106.0708285141293,110.10879193384964,174.13226813844742,176.2060270235473,90.28110257910735,88.51995986061723
166.20132210237642,172.35959323897325,105.20433446835034,110.10879193384964,174.13226813844742,176.13291462659112,90.28110257910735,88.44684746366104
163.2156985456418,172.88469260596116,105.20433446835034,110.10879193384964,174.1854428605477,176.13291462659112,91.8756826691932,86.90544209567551
164.09116808869754,173.472682470713,104.27398392721948,111.27676216366454,174.30939243357497,176.23779329982287,91.8756826691932,86.9785544926317
160.45380721079556,173.12627931830718,103.99492440332509,110.93035901125867,174.13226813844742,174.80216569675576,91.8225079470929,86.30508348447833
158.37364581835732,173.12627931830718,103.12290985899628,110.93035901125867,174.1854428605477,174.7211479629803,91.8756826691932,86.22406575070285
157.88217439994187,173.65980825409008,100.68817792308258,112.01128319791935,174.05861234382695,175.59696945595002,91.8756826691932,86.30508348447833
157.08996492426152,170.95056943712106,98.59217193624757,114.32840147355148,175.28345270519756,175.67610722263188,92.43348209273906,86.38422125116018
156.89663784106932,172.99737593339742,94.7355830350294,123.29583673245618,173.78703655555515,177.74373479335765,91.43459734590716,85.80673050280008
147.84770485871766,171.84362120672628,84.47245984834385,134.0077383999992,173.90820112146227,178.5024122609825,89.81192142318785,88.00294881176417
147.82878287145542,170.3718438715133,75.85177795247166,143.05236050293252,173.78703655555515,178.31691162036446,89.81192142318785,87.9256266191457
175.42607874009911,164.98163936884936,36.84956557447849,152.78797253845244,173.66308698252791,177.9888437095425,88.43837889259596,89.29916914973761
166.26447516780257,168.09857504718497,14.2619643468425,169.17083075145985,173.7128537471052,176.42633678181863,90.09844625967224,87.10975303138541
155.91087323299126,164.32283183800268,9.07310135541675,179.6210915625989,173.7128537471052,176.41678458431673,90.09844625967224,87.84175885683216
170.01257842498643,159.1730998605002,19.44003482817618,174.9203921399854,174.48917181322645,176.26606218414324,88.64113802923882,89.2234989702905
158.91624541761934,150.79240352885728,19.27001817729589,171.70872850830895,174.32271319469268,175.69251979789843,88.73679171259086,88.50453613611639
175.17977921688808,145.99009696466555,39.47245984834382,164.98163936884933,174.32271319469268,175.77356045037993,88.73679171259086,88.58557678859785
162.83731732470267,154.06718252406358,58.32925551810644,157.26837598011295,174.20329740363186,175.8528076744142,90.15823152127147,87.24338420395154
162.7839264122093,150.70273287391834,59.03624346792645,156.80140948635182,174.83552041355594,175.88990432155367,90.68090250501903,87.35293623012805
165.82267764325698,149.38426214520535,60.475063033482,152.50971661132064,174.83552041355594,175.88990432155367,90.68090250501903,87.35293623012805
167.62987615453363,149.2645122980799,59.194933996660495,150.6383325437294,174.83552041355594,175.79175814153336,90.5656194020133,88.10314843776881
170.9806775686183,146.4780534102759,58.43102887068165,148.45144720014883,174.7132852565641,175.79175814153336,90.5656194020133,88.10314843776881
177.51686533489269,146.9356025432675,54.97637303499323,148.91249467652003,174.7132852565641,175.79175814153336,90.5656194020133,88.10314843776881
164.3602499096264,147.23442960430577,58.732582820549965,150.12036300227854,174.83552041355594,175.79175814153336,90.5656194020133,88.10314843776881
163.22233290297189,147.23442960430577,57.55857174777958,150.12036300227854,174.9549362046168,175.79175814153336,90.5656194020133,88.10314843776881
165.00340316213692,147.23442960430577,57.21860078073672,150.12036300227854,174.9549362046168,175.79175814153336,90.5656194020133,88.10314843776881
166.87047218524123,145.5160463845448,55.48698252069403,151.31385242626055,174.41925956547925,175.0579606941534,90.5656194020133,88.10314843776881
175.65976716407263,147.52880770915152,49.637246065261536,152.37403713265778,174.41925956547925,175.69447481172253,90.44414443311192,88.86113752423937
174.9171818427756,150.87688957835604,43.02883917182663,152.9839793615587,174.41925956547925,175.03937627070096,90.5656194020133,88.10314843776881
167.51688269544803,153.75759870823725,28.47951763153128,155.96942198621778,174.41925956547925,174.30531992523794,90.5656194020133,88.10314843776881
163.049518093823,146.30993247402023,17.74467162505698,168.6900675259798,174.41925956547925,174.30531992523794,90.5656194020133,88.10314843776881
173.57125225117014,162.9684532444708,17.447188423282196,169.9468202193161,173.78703655555515,174.30531992523794,90.04867949509496,87.98786533476309
171.11761205280197,164.10161738785695,5.440332031005539,176.09950625761812,175.07162805857322,174.23308625257317,89.22359427458561,89.3729398925317
159.81419699053515,42.91743472026912,9.07310135541675,179.26700859551966,174.89940360314174,174.31438427882676,89.16806167311059,89.44517356519651
152.28918598474692,156.49364639701784,20.01876039378397,171.17003953446783,174.89940360314174,175.7639040943776,89.16806167311059,89.44517356519651
167.6805547433634,166.1779453642683,16.034734362065375,166.2767310931299,174.89940360314174,175.73674540806607,90.62536990354404,87.98786533476309
152.53977511271094,165.9704405940489,34.73029353266247,158.060222279152,174.7256532816517,175.73674540806607,90.57103537311478,87.98786533476309
144.18717190530916,171.4973305706923,48.9269449754313,152.34422713644008,174.7256532816517,175.56414989849807,89.11372714268134,89.29906708726557
142.97719504360794,174.58759402855176,59.01168462694741,149.7684812661173,174.7256532816517,175.4627379494854,89.11372714268134,89.2234989702905
140.83949231151743,177.3984471124104,69.09201952899033,143.68189055479354,174.6724785595514,175.53830606646045,89.06055242058106,89.29906708726557
138.9269449754313,175.40110056271777,76.98844983007045,138.90107523651082,174.84506907271248,175.3601938452842,89.11372714268134,89.14617677767203
136.00967748624163,175.4418659628209,80.73019662956685,136.80350575583648,175.57926416276302,175.4627379494854,89.57823800670981,89.37649134235606
136.3946308835576,177.4032348140579,84.72753922857238,133.9457424596052,175.57926416276302,175.5906389301351,89.57823800670981,89.45205945933115
143.48190144093746,174.4108695686716,83.88638068810741,130.3075998487297,175.24166822673226,176.30545872794835,89.16806167311059,89.29906708726557
143.85955361351208,172.7345531001609,84.88417437069344,126.84137277197291,175.18733369630303,177.67944830089542,89.11372714268134,89.29906708726557
146.70434950823997,168.81824578980334,84.99202810795971,124.69515353123398,175.69332329446894,177.7322068306556,89.57823800670981,89.45205945933115
148.43301272787116,171.32682595212023,86.00944683811817,123.02162233539288,175.75432670399985,177.86016625879216,91.134258915734,88.03091476510403
150.91138798988536,175.53146847503277,87.00838489774297,121.36029371657888,175.3431565177457,176.23466794314055,94.11844324981853,84.65058614273396
152.10469870844628,176.0689877080477,87.71898402617889,119.13629954682116,175.2209213607539,175.5033160181808,94.11844324981853,84.65058614273396
152.5316944300156,174.3907255535542,88.44398549208765,117.19769107804724,175.09576695187275,175.5033160181808,95.58724396420436,83.18178542834814
154.5072045271969,173.7175079118386,87.54476032680459,116.42918474856327,175.0360631393246,177.50681409471278,94.0201043928812,85.92019179457061
157.00691713989892,174.1545107120357,87.5721604868753,117.61253661675823,174.55024340255957,177.50681409471278,93.4477652916242,85.88155675018147
158.30884524512678,169.60239911258816,88.6170160310795,114.94651081829932,174.7256532816517,177.50681409471278,93.50094001372447,85.88155675018147
158.02920215418845,172.66905355654794,89.56396747785297,116.03179077350212,174.7256532816517,177.50681409471278,93.50094001372447,85.88155675018147
159.0452975048078,172.66905355654794,90.50779938635992,116.03179077350212,173.8129919481764,176.11808268814087,92.87237277634334,85.2286482824728
158.10357272428152,171.60517747571458,90.4920988891792,115.55664040077706,173.16074576797473,176.82575671445213,92.2201265961417,85.90455603250848
158.38522105721373,171.38952649561045,90.4920988891792,115.93935700797029,173.03256750415122,176.8667877103227,92.2201265961417,85.84485221996029
156.13109620839455,170.4902318111723,91.57174591481824,116.15020563836698,173.16074576797473,176.9023089577948,90.78981755419458,87.2751612619074
155.1656987665201,165.915790214679,87.73189884320102,121.70659083147048,173.93814635705752,178.55737977689992,91.3687955140868,87.34842948221684
140.3771514553866,168.21498903145113,84.82894758199753,133.84433410618004,174.83552041355594,177.2809611720085,89.07060190252004,89.52593226459729
132.9652172544175,165.1326640696078,68.47140420010719,145.70794760293626,173.58602323038437,176.20256801366713,88.64113802923882,88.48224722409874
159.35731184438848,168.09649657153125,29.4644800469025,164.97149493207272,173.45621143434406,176.2873820513872,88.64113802923882,88.56706126181882
156.81946677523177,162.11657901809514,7.281668807535057,179.56429904873227,173.32331337285302,176.20256801366713,88.64113802923882,88.48224722409874
176.7947840689865,156.95149631925744,27.75854060106002,172.8749836510982,173.5071022288017,176.20256801366713,88.69202882369646,88.48224722409874
175.23635830927384,147.2647737278924,40.69434839083463,168.6744172178432,173.5071022288017,176.2873820513872,88.69202882369646,88.56706126181882
159.5925444392093,163.77980630439723,59.237280465761046,151.92751306414706,173.32331337285302,176.32623758250762,90.09844625967224,87.19264835361228
170.67089971852877,161.01237591212984,58.252534127532215,148.60115833323482,173.96254025061302,176.32623758250762,90.62239003442647,87.30793145661801
167.40469463767556,158.52839723683948,60.83156597560986,145.88357203437383,174.095438312104,175.621067576778,90.62239003442647,87.30793145661801
167.32743724751845,157.6947015669179,62.2991334618531,144.70803701753687,172.78467930358028,175.77356045037993,91.48436411048444,85.88777115528154
167.61606120972482,156.83688046940236,62.80567433393856,144.6900928341232,172.734912539003,177.13841101122011,89.93339639208922,88.03091476510403
167.11247058490127,155.13543158522936,65.08073469879616,144.98051066308167,172.92196279727156,177.9156316620983,89.9831631566665,88.03091476510403
169.69515353123396,153.6018377899715,64.45797901158988,146.85197137094465,174.7132852565641,177.1847143626342,90.5656194020133,88.03091476510403
175.0977397583284,154.0150264587774,62.10272896905241,148.84069549165562,174.89229104596913,177.828295744014,92.0423204335106,87.25456574739967
171.5730309785193,155.40371602944583,63.43494882292202,149.42077312751098,174.89229104596913,177.89346215286815,92.0423204335106,87.31973215625383
173.17017420070584,157.358382668983,60.493278400054,154.73779846592072,174.89229104596913,179.8506629458701,90.23728603864,90.35105004466236
178.28718015736357,160.45388027242163,54.65221133252679,156.43734690410062,174.22525010814437,176.25620408223023,89.94194958469294,90.59433324147152
169.89070150750484,167.4054107129629,38.33456560862816,164.49482644183217,173.58602323038437,176.3644763420538,89.59805916088001,90.29899678752447
137.86240522611175,158.45902408146156,1.9091524329963927,178.09084756700364,174.89229104596913,176.5674481700256,90.37273680170156,89.50983893946392
130.6012946450045,157.70126920125622,30.024565586337957,170.7352172240039,174.4782637157787,172.47007322231244,90.33427730120763,88.924870289403
133.2510539554458,170.33581445981014,55.13291351781013,169.75203487073597,174.53259824620795,170.67277723391743,90.3886118316369,88.924870289403
86.63353933657021,174.2015449420004,85.3893506813394,161.9907843706202,174.53259824620795,170.9322018548141,90.51008680053828,88.10314843776881
112.7028421232128,170.71363787894714,98.71388194323018,154.19956805153524,174.7132852565641,176.61916951911343,90.5656194020133,87.22503613439115
122.47119229084848,166.92636741882183,100.64446938439715,146.45342273129154,174.83552041355594,179.38178962065166,90.5656194020133,87.22503613439115
133.42825408518175,169.23655781611475,106.83284976143652,141.76894711593792,174.9549362046168,178.0501745831922,90.5656194020133,87.14022209667105
136.4618986776161,167.72154315355388,110.60277277169185,135.04403979110648,174.89940360314174,179.50749826623664,90.3886118316369,88.00294881176417
142.0185978614807,172.83666192484162,109.87573577944391,133.82650755103174,175.07162805857322,177.63862534182437,92.06682035583124,85.88777115528154
151.3465470108036,173.88528453538456,107.40483218734674,131.4712471705823,174.77998781208095,178.2389764304322,93.5166394997646,84.46166663390748
157.45693899994208,172.4123488246207,107.42574615008525,125.528396117098,174.60341812465984,179.55154501027843,93.46230496933536,84.53917901739642
161.54255577991697,169.3189863992709,107.34863209232309,122.7472404844526,174.60341812465984,177.03778932342615,93.46230496933536,84.46166663390748
161.94270150521115,172.65472224883592,108.73809826663611,119.89227915501232,174.77998781208095,175.90287926652817,93.5166394997646,84.46166663390748
163.30701742872435,173.2421285124228,109.24239221872408,117.8308796591406,174.77998781208095,175.2036930095397,93.5166394997646,84.46166663390748
164.04806945271935,176.94825616637667,109.41706598614624,116.30713984801966,174.89940360314174,179.39583097446754,93.5166394997646,84.46166663390748
166.9981186234244,174.80557109226518,108.55791979970064,114.78721046111453,175.01609545709823,176.77260648948132,92.01128775435622,85.247621485758
166.29652230436113,175.87918204924642,109.41706598614624,113.9726334113548,174.27403369959774,176.39643702802044,91.3859178508122,85.88777115528154
165.4480887577403,176.29998902798795,110.26549953276712,112.55023139767682,174.39072555355418,176.37081906690383,91.3859178508122,85.96701837931585
165.83412829281028,169.38034472384484,111.48818061632386,109.3619840926942,174.32271319469268,174.5677698080137,91.43459734590716,85.96701837931585
167.16972648724845,165.26514649354624,111.15318202476097,107.12724577522106,173.56998738783173,174.42314135007618,89.41536947929482,87.27368900609375
166.14794968339515,165.26514649354624,113.21459144461328,106.2869020234108,173.56998738783173,174.40250909331115,89.41536947929482,87.27368900609375
165.32360686255,162.90767520361575,114.03893426545844,105.17867341217756,173.49047838213937,173.6388821120282,90.92112753916868,85.81065709751938
165.52780273341992,162.90767520361575,113.6354495303997,105.17867341217756,173.49047838213937,173.62883198416898,90.92112753916868,85.81065709751938
165.52780273341992,164.4411291817187,113.6354495303997,106.02185019241536,173.32259782195877,173.60950468535302,90.8784013878692,85.81065709751938
164.17384592382743,166.07857757979372,114.07549825507884,107.0637691200379,173.68940317889255,172.87498365109818,90.8784013878692,85.81065709751938
165.36158461627647,162.4512072703253,112.35283618345603,111.26758614444472,174.83552041355594,173.61904285398688,92.06682035583124,85.88777115528154
150.49927537650083,163.0958978112001,114.07549825507884,121.44054812946597,174.77998781208095,174.42303158951836,90.51008680053828,87.46821933313377
115.8209919741893,161.33339834427264,107.4691939816692,133.61575598522444,174.7256532816517,174.40444716606592,90.45575227010904,87.46821933313377
21.5713071912546,165.01803377527648,111.71887876460389,150.94709450990266,174.83552041355594,174.32519994203162,92.06682035583124,85.88777115528154
16.58733855692741,158.69215285917593,150.8323866204222,166.48914396941052,174.83552041355594,174.32519994203162,92.06682035583124,85.88777115528154
134.21517539700812,158.823404054118,103.94236734300672,179.3458791579874,174.77005588897725,174.343784365484,90.62239003442647,87.38897210909947
151.0289783062767,154.33302004878306,100.72109627343718,172.53274143199062,173.5071022288017,174.38241940987317,90.03405395112415,87.38897210909947
154.36650542099952,150.68134245056058,98.5307656099481,169.79602627826833,173.5071022288017,174.38241940987317,90.03405395112415,87.38897210909947
151.7419703852931,153.9254065509778,96.00900595749454,162.58202920779715,173.5071022288017,174.38241940987317,90.03405395112415,87.38897210909947
148.82975690828374,155.16321426480306,96.63251461513846,158.40468955103233,173.5071022288017,174.48175631734543,90.03405395112415,87.46821933313377
148.97919783052495,157.14792055976974,96.48307369289722,154.9164059938091,173.5071022288017,174.48175631734543,90.03405395112415,87.46821933313377
146.7226819625958,157.14792055976974,94.666858371439,154.9164059938091,173.5071022288017,175.98133884392283,91.53525490494208,86.67259575827342
146.52502589627426,157.54717766764048,94.86451443776052,154.4400348281762,173.68896728197987,175.35327384845417,91.66442221984212,85.96741670504264
145.8626458923119,156.52494097239446,94.96974072811032,155.4622715234222,173.68896728197987,175.35327384845417,91.66442221984212,85.96741670504264
148.31708735138136,155.48577817176877,93.19044306976382,157.396608034259,173.68896728197987,176.12580131753856,91.66442221984212,85.96741670504264
144.95630564206462,155.2665680819321,93.61881474779018,158.27530876217068,173.68896728197987,176.12580131753856,91.66442221984212,85.96741670504264
145.1674330509759,156.38636070584147,94.99676066457135,160.35333522961568,173.5071022288017,176.12580131753856,90.1493370541299,87.43044861361699
138.70750294228867,154.5637836195827,93.8244507449906,168.2866344451776,173.5071022288017,175.24484091777103,90.1493370541299,87.35293623012805
137.48018780611113,158.54201764662457,91.53471166812696,174.11206784124124,173.58602323038437,175.8496618909088,89.9831631566665,88.10314843776881
175.45624234853284,152.7797524591934,61.2428791026976,173.86274405073803,173.58602323038437,175.8496618909088,89.9831631566665,88.10314843776881
104.62087398863166,160.79888285720324,24.62356478616362,168.18070127912316,174.89229104596913,175.8496618909088,90.62239003442647,88.10314843776881
140.85601358542894,169.95987370136342,57.13132106663251,164.31162632762815,174.89229104596913,175.8496618909088,90.62239003442647,88.10314843776881
88.15238973400541,167.40541071296292,75.85177795247166,155.63129574042557,174.89229104596913,175.64565166360242,90.62239003442647,87.9570419598379
112.16634582208246,166.35708522400992,88.87116520333937,146.8677318975661,174.83552041355594,175.51507081316,90.5656194020133,87.8814738428628
125.76492318236174,169.9145237000375,91.1049744634823,142.07569785063416,174.83552041355594,175.48858178152298,90.5656194020133,87.8814738428628
132.98540121212943,170.64999478510614,91.68850225482096,138.26176997947078,174.16847947573115,175.56414989849807,92.06682035583124,86.45584100601997
136.74894604455423,176.15920831278785,96.55301669258148,135.96423137050616,174.5971947637995,176.18911145085335,90.50091506552508,88.72932231313214
139.49115095702854,178.67211277591304,99.00691492888396,131.31651361083954,174.54042413138637,176.18911145085335,90.44414443311192,88.72932231313214
145.55387369826954,176.86792358741775,99.49847096001984,127.92628608401816,175.6402675722939,177.726026733684,92.55418931481816,87.95767956648939
147.30053887899808,177.66578402813593,98.73697214642374,123.12483602029992,175.6402675722939,176.48617600847797,92.55418931481816,87.31973215625383
148.54578573987067,172.85709549073243,98.50870331627031,119.603038406735,175.13015458880415,176.48617600847797,92.01128775435622,87.23846160152007
149.3866028774331,177.51044707800085,97.37342524192658,120.51709835441387,175.01609545709823,175.77854320412575,93.47591755956158,85.64201658520747
150.875346486587,177.38811296308455,97.26035077074884,117.5342482274522,174.7302410754162,178.49368034566552,91.29168145632464,86.96869534194224
151.6558946468705,176.30385799301402,97.26035077074884,115.84264025257217,173.80778799210654,179.1610670798559,92.10644499322868,86.13073033072423
151.40437835416526,179.64723413734114,97.26035077074884,115.84264025257217,173.65008886834565,178.32702446918745,92.0688986162224,86.31300685104016
151.40437835416526,178.21008939175394,98.16021048565324,113.87528085392752,174.34644813126965,177.54739666704123,90.56354687081402,87.87640901175561
153.50356649013256,180.0,97.48566709370044,113.87528085392752,174.53436002651057,177.506166801637,92.1447870215314,86.37105726634724
153.2745154792747,179.63506366426935,97.48566709370044,114.24021718965815,174.53436002651057,177.60416729945445,92.1447870215314,86.4278278987604
153.2745154792747,179.01928358600372,97.48566709370044,113.52377741405417,175.68341291278594,177.65969990092944,92.7067427639591,86.48336050023542
153.2745154792747,179.36163332941825,98.38822661679932,110.92731284194144,175.68341291278594,177.61847003552515,92.7067427639591,86.48336050023542
